feature_0,feature_1,feature_2,feature_3,feature_4,feature_5,feature_6,feature_7,feature_8,feature_9,feature_10,feature_11,feature_12,feature_13,feature_14,feature_15,feature_16,feature_17,feature_18,feature_19,target
4.362131907204495,-0.07185839385904697,-0.38917320747299344,-2.0076384190382623,-2.220453751503902,-0.4504470782130064,1.9020792424853648,-1.2039059621022588,-0.11705532308526423,1.8381473464806646,2.6070068268277864,-2.2155616743172004,-3.8153765876736685,0.5084186281906471,-1.7931247843359264,0.9776591369651063,-2.116409568338737,0.6423133625895667,1.1638151305620357,-1.773928069567075,2
6.574635016080584,1.7935439271787375,-0.5378053759036716,0.013720193788723634,-0.4742991658195739,-3.550831257676339,-2.5811421815677797,-3.5923939418150157,-1.1660581185783363,-3.296089193481851,0.431460707756195,-3.261815503834053,3.506493605073314,0.24553399324290154,1.0058589844658574,-0.4331418994366355,3.0792530572432346,0.187574793190974,2.8633735773134075,6.382327267146944,2
1.2693006139818783,0.8547933760195211,-1.3033746368074732,3.7855555789239665,-1.3689405567031943,-2.868703257152246,-2.809078536793614,-2.715997026598723,1.0283383769578813,2.0147891039051125,-4.785686474762643,0.1159717160274003,7.08545850269481,1.7620757749238525,0.3177217350129339,0.31812686237369603,2.777580916071901,-0.03964207789491337,0.7982750850358247,4.841017235446207,1
-0.6554045707010487,2.3087055779965038,0.7957017277611227,0.9498310874123754,1.6860125838610311,-0.5349361955288174,-2.881416650792888,-0.9422567694932182,0.41025906898077413,-0.7546306310051476,0.3631035915651577,0.5965213625052748,4.572411430310804,-0.6648447751415201,-0.9496387450907569,-0.3815835486484203,-0.7111365518808441,-1.5793719075375354,-0.8703457593697632,1.6543260919958336,0
-2.591096962088565,-0.06570503750713191,4.663627672427572,0.7131081421590789,0.3255604071093235,-1.748260765683872,-1.9578711628590832,2.843757450065548,-0.5236746880555153,1.145491824343115,2.608731184056797,0.09930045253363129,3.020800467066638,-2.454800106426278,0.5979135073989382,-1.1366876164461543,-1.9067575992504517,0.22003100406939308,0.4300025265145274,-0.9372972225661336,2
-3.117787569865575,0.5360669630546203,1.5935448197772113,-0.7548152247695652,0.9936896763006376,-1.2535708288856313,0.5009929429614406,-1.1464071028746519,-0.3572022912606917,-1.4900675419045912,-1.0278253041573424,3.0875166628515016,3.0364806952164263,-3.010144947259341,-0.20424931207931116,0.5820273536172682,2.4578198520963186,-1.0348910186891174,0.823987665865741,0.961421287764484,1
-1.8320052885742408,1.755148949688766,0.40363980488172835,-0.8952141588798623,-0.3583879681773203,-0.11276725095952973,-0.9128029411134237,-0.22161333180380183,-1.4832483178978748,-1.2151571573709405,1.9598949327505488,-0.3117289985824774,3.466556195786057,0.1251635533219781,-1.5040309901488447,1.1398042162504856,-0.4545176360291059,-0.7035239816671137,-3.1378098120029425,0.37788017005499014,1
-3.9616027661612674,-0.0053418198783836135,0.8298142237710849,-1.7465049227974492,-0.9627748512670647,1.0924925542810524,0.7215529375482093,2.5948087101193487,-1.4722573634829728,-1.0750418069907075,1.310472532108246,2.1651663578826907,-1.7142529002140026,2.088363635106939,1.2778643373901297,-0.18072229018177993,0.8767588322299513,0.3913103208194433,-1.7517588652218987,-0.2184902045809188,1
6.7325475610170455,-4.322113544928722,1.9668593345444552,-1.360632812114719,0.428821006012148,-6.695484381136991,-1.7534625948041844,-2.4995504321676476,-0.9738283359082053,0.18485341507824715,4.322452518694475,-0.6218688291229826,-3.255457119635776,-1.7731045241710006,-0.04704344829848102,-1.0810120697625603,-3.406098851270581,1.4543101017964906,0.8774289359816458,-4.673723144531484,0
6.099724172872869,-2.992142485718908,-4.4945785355857595,1.0319294905873464,-0.9344108510382787,-0.9285442320541882,-0.8860788560430239,-1.9377527998408217,1.97871068423802,1.5247764055764819,-2.7607360538021153,-0.5353067004208704,-3.643730884639097,1.319898620987141,0.5103080062634342,0.39609100485977183,-0.020150316035043414,0.32151594622755614,-0.04532127768607319,-1.9467086738295378,2
1.2597318409083076,-0.6560379689041187,0.9908086714272063,-0.8657477060642392,-0.34950687695877036,-3.792762210900177,-1.8064980388479543,0.49476811001361404,-0.26232359629912794,0.8113036985666469,1.7684815418487891,-0.5953125449831558,2.8027591746118072,0.8863536536419656,0.12305078655877959,1.026825595587056,1.1931679322026376,-0.22544312741700015,-1.2211794455046414,0.8824778174062683,1
4.664708514750983,-3.559485992570072,-2.474178952199657,0.7757390656795397,-0.986707685714242,-2.6695539840942195,0.01891680360426795,-2.269911642209951,0.07152204427778029,2.705542860313105,-1.8487467149557326,-0.14511071644188278,-2.2475727105934133,0.10038548278029535,1.6550683418264938,0.6457349470842716,-0.6746047769225813,-0.5048153650986971,-0.010691529562404822,-3.158673840276262,2
6.132485379436812,3.361912207094969,1.1568320170694821,-1.9886084463635747,2.926157338518293,-6.810944419941494,-3.1944803687394914,-3.398795259433229,0.08623487529719638,2.771939391850096,3.401272365315538,-3.1316801307851385,9.253253831901645,-0.7129750851543357,0.5903266244416786,-1.2065815287074781,1.5161370707355273,0.7048680817970704,-0.060122990465253934,4.272981709645455,2
0.5451573781886088,-0.4325347097248937,-0.5636212976198656,1.9429451883205693,0.11143233272431155,-0.5916490089954507,-1.6986224886822217,-1.0301072904677904,1.6986881537835914,1.609900399863083,-2.04757236793186,1.2330968725987241,1.6911340280218312,-1.2400081994099637,-0.4630462600250518,-0.18019118966390044,-0.9871907384421101,1.2362351239265392,0.06933844399046918,-1.0541733304836545,2
2.9174952153381164,-4.19808506913051,0.7154765293380138,1.2846503623697245,-0.5283967720203763,-3.36694397477511,-0.05497422845224198,-0.926419394964237,0.18280171273074106,-3.1145766350565647,0.672259529511164,-3.185974187517169,-1.6505431880404073,-0.05383313134515344,-0.6042894316091492,-0.36568698487245527,0.2709519909557428,-1.568881293023388,0.723758165383703,-0.32366146078679625,0
1.7012624185564886,-0.09095232256779029,0.9623317216684718,-0.28497322056251506,0.5992716708727502,-6.030614040052725,-3.839784052695044,-3.7224626629171103,1.0574531394341935,-0.8695485978720519,1.2589286972253284,1.3697528640332046,6.965011195662201,-2.2833593883076646,1.108841419071706,0.6801760800632762,0.27511180449361583,0.80633201905893,-2.3565141478506684,0.05270717040962387,1
-2.6499054103373383,-2.473466769598415,5.281206076070983,1.3782018066593618,-0.10247922314240923,-3.422871843018693,2.1832635032550267,-2.289545449846786,0.5024883236221023,-3.6372457342308824,1.6332275459720504,0.010849468750936953,-1.0096043576175842,-0.17113978109389272,-2.413448170283476,0.28574016127659174,-1.3889943645228702,0.4580155514898559,2.917489309126223,0.2167468981063231,0
-4.291818937179804,1.3387914126955613,0.06544836371912549,-0.4416488514616225,-0.5193413108811302,3.8642422951709854,-0.0014385094028652734,3.89721155908037,-0.10570808097568828,-0.7522372116921814,0.0784157818542517,1.4274759896205105,-1.3374319307048141,1.4779321253512707,-0.20819273278073774,0.007282987050419192,0.47427193630178144,1.3549896343416075,-1.2562869755286323,0.5099998759624594,1
3.2446081055978913,-0.7806981362119061,1.1639230793996944,0.610158599747956,0.9346701581005344,-7.251675469444725,-5.338278374235091,-1.9871835727488925,1.4157466076601128,0.9249466255936056,1.3681868657454692,-0.34518411051985526,8.070251574430982,-1.4099287505567544,1.4371698553041121,0.16394494455802602,0.6196173361234432,-0.052978274929529716,-2.22838895760763,0.8074005709228984,0
2.2807172015006723,-1.2005846505373539,-0.49806998271162706,-2.573319058756502,0.04181934789533887,0.7573092483769,-2.2906242889268813,4.360079206566757,1.1257568490321013,0.7359134523765585,2.543782485503109,2.0051290408319176,-6.1228392737194,1.0557917677378956,1.1428303395562345,-0.6968660144532531,-0.6618748581237666,0.11341519819815811,-0.1371934520249054,-2.4993747678408935,1
-0.1392744639840938,-0.16470375605136078,3.0643450341773804,-2.3571805800716974,0.07308376479083839,-4.581895677103178,-0.8021335640069658,-1.2324643379404927,-0.8335684515025388,-1.0652379153750766,2.8136850133114772,1.7992253845071091,2.7539713577824148,-2.352606219142023,1.6380555983709402,-0.5188301809198854,1.0593874918504773,0.6778741863753364,0.2788703787989808,0.08264697498650816,1
1.0721111422554088,-0.5045639485693987,-0.3712040453961409,3.184692748338526,0.5071657592155541,-1.9299725165132615,-0.8847880656930449,-2.2123944991350193,-0.7255411589750427,1.1294043749378775,-3.8395755426301044,-0.06252439736017079,3.1951424530434824,0.34239899299160653,-0.8361951381595797,0.7565319009867107,1.5383427246208297,-0.48214261100469924,2.1431318721278476,2.641239766813705,2
0.9297461970297197,2.468132511063885,-2.1990439648706372,1.6007889748880233,-0.8129224823594956,1.3585102404769318,-4.525396297631648,-0.47009174366682827,-0.07187652958566514,2.3033451788159094,-1.8156214906157369,1.564110691154435,5.00846597420511,-3.0641360738258046,-0.1786064354098913,-0.5876116834101616,-1.7992813790605124,-2.5617515620580185,-2.2566514179041506,-1.2455763507945499,0
1.7726494018142953,-0.6847381349540681,1.6643297815633393,-3.145334882996067,0.13126887117150568,-2.95733466121604,-0.5449784047714109,1.1541692607838547,0.23954772086923143,-0.18333331644785378,3.856041819400283,0.8179202624695446,-2.6198553648068317,2.2131302917479845,-0.6986969352588083,0.6653567876449542,0.5445294683353037,-0.018707495277022007,0.2884085333696944,0.15433863239954776,1
0.9158084062526654,-0.6383092888413066,-1.051121274344022,1.2978682960504995,-1.0005526347347284,-0.4708812938176374,-1.8602451566040001,-0.29373705672266576,-1.3317689903878926,-0.9777720804925771,-1.1859573946659026,-0.34442738595782063,1.4351163441175177,-0.3655865417979007,1.1424495630017617,-1.2034524246244487,0.48743301414865203,-0.9831431262668516,-0.7850033871034032,0.39975832433913466,2
0.6107045999888588,-2.58910448979272,0.5495908420835497,3.5704606355249084,-0.7162669418890676,-6.989557503796359,-5.713979724645655,-3.4822969323841524,-0.01865679377762594,-1.1304346818555624,-3.961991653200207,2.903857703942383,9.570457453284147,-4.633825589681945,-1.6547849517952353,0.38428868066582644,2.73181619349875,-0.45404639815968423,-0.8406526804937677,0.8548738528305069,2
7.544518906873713,0.7326303190729999,3.1075210991744244,-1.2314453600424948,0.04769947087362862,-7.605741226164545,-2.361427571667507,-2.9543857689224313,1.0094696724921264,2.747140127935582,3.923552345159291,-2.9611199358919476,4.129227058875776,-1.024902861276858,2.9622138644205442,1.015046943458476,-0.27892060261175405,-0.3303492465514715,3.445987219889668,2.478939023987379,0
1.9022290678631841,-1.3738796861492624,-0.7688111407121627,2.06964275394013,0.5899172328436647,-3.3494222205135014,-4.076163080578635,-1.9934178826445283,1.3160913602427415,1.8083621897817264,-1.9547568149844572,1.513036268571272,5.292887589411978,-3.973660811430138,0.664686050262168,-0.1106491484308348,-0.8306227260752854,0.6428079888429726,-1.6423338396637188,-2.388495900692775,2
10.671688648476357,-3.6799383785502564,-1.7269536574644153,-3.703661971209418,0.37722958659484596,-1.8380608634788629,1.5823145999509922,-0.3128055094657182,-0.5918228767052861,0.8297130498244387,3.732831375230228,-3.863063495838282,-9.537177205590519,-2.175994715204694,0.6585516020040105,-1.0324649759681026,-1.5085561937574292,-2.4994825282763515,3.1739155278412152,-4.404055571817658,0
8.790986781414826,0.002870534103001421,-1.36796636272854,-2.8611006300647635,0.39147672077115386,-1.855669210499794,-0.10775414820879609,-0.5138838487365368,0.288805553332357,-0.7131199085038988,3.0559652018213947,-4.952300894329971,-2.8172140479783327,-0.469867792047272,-1.2376427261280285,-1.0499106120188058,1.4610145494224374,0.6555673984218366,2.597120533130523,1.8046666267885016,0
2.7977460483620678,-0.8696092235966835,0.32976902739684855,-0.7879629029109123,-2.136331711635984,1.287003504352568,-0.12235410462566848,2.461704553659106,0.4109161335930336,-1.230980668923296,2.1529267806968435,-2.5301028469130515,-4.292225314948572,-0.973261728868833,-0.19162591565741793,0.4741348011830975,-0.8775026416112743,0.5921246247453483,1.6914390540917266,-0.7818024028696504,1
-1.0384784881703184,2.1200152079729633,0.34876026777383984,0.8109540991384266,-0.6996416220674734,3.0164556450889997,1.0452920788556337,0.5841564869046367,-1.2809774344385265,-0.42071548235362977,-1.0888200849060452,0.032102845940796154,-1.7013336071141554,1.4285256309930126,-0.33322598736240233,-1.1656832736504297,0.18756133738118552,-1.1150848070752997,2.877018779893032,2.7350121203140585,2
2.312638081588293,4.575000059652927,-1.2153035565636272,-1.690353458323206,-0.41027351238081644,2.5786866048874666,-1.7803309197305723,0.6986532144914375,0.6435176776499427,-1.264404121482737,1.4341032697928324,-1.7497193754212024,1.9651991442486918,-1.0180473916869908,-1.805568253985203,1.0154528481746792,1.0926718670587416,1.0009645902889825,0.47605592037352684,3.511967609826113,2
-2.9245189882794764,1.3013415612134551,-1.3071349959093088,2.6387315263758313,-0.3094710746994398,3.0432344248377183,0.5960470944882855,-1.1875200243562274,0.5827305583275634,-0.6693539446166157,-4.3087114027311895,1.7923274659552537,0.8327762665189566,0.6087241786624124,0.3529530848137524,0.01936732748731335,0.6765655033331839,0.039933046556253286,0.9163545869243253,1.8348925469109514,2
-3.5820869901839973,2.395175569303019,0.6077197221841251,1.1702417907411051,1.4278623820852956,0.7115982533361516,-1.7927687601153792,-0.6023939888474491,-0.8337509418377196,0.014960336558207832,-0.6625597944684928,2.3807829581349425,4.076126381700961,0.658377227964743,-1.0790244592678986,0.16899143141433093,-0.902713912289746,0.1223266861648562,-1.833712861303157,0.9819085753834713,0
-7.209425101032295,3.536043781331232,0.5786644331749338,3.385472342886031,-0.6967047672987804,7.801396344832569,1.9226689058902917,1.9599780877979263,-0.05574617812386366,1.104403454427236,-2.4130960391210152,0.41659567019825416,0.2885073613701001,0.21799811170982752,0.6324586861481764,1.24940142981085,-3.6488076530188094,0.47760112766229346,-0.04276104871878461,-0.2517049457139072,2
-1.1862620902788552,2.279037907500096,0.08740665786302687,-1.4849155287717561,-0.6803426190998738,1.819690070198583,0.03782952626725933,0.44709792194836473,-0.9855878206715561,-2.1742348425194553,1.451152477872559,-0.6136295448574922,1.6005659750306782,-1.926605387685998,1.5270132612259923,-0.31127928387953613,0.47251892084803193,0.5701299455178457,-0.9824281756931729,0.8307786258809539,1
3.719055783673842,-0.09414438596102359,0.33976242753516306,-1.3382675260461636,-0.22317224097286925,-3.727887742819846,-2.5881596302803844,-2.0905659449141174,0.05704168467895999,-1.5653473737708126,1.3087459954924425,0.7217743855121763,1.8609487383591814,-2.261000288861595,-0.45102611861540615,1.0291608274696276,1.1002295052589908,-0.42801925570870175,0.7043914086752714,0.698528890708815,1
5.457009657348283,-2.881225117669976,-2.9497000464096526,-1.420297264083531,1.7930609918104823,2.661788415966374,0.4728441412681259,-0.45556599332294745,-1.476197440705909,-5.020013221564904,0.5948811323455303,-0.9383198065608116,-9.294061529709161,-3.358001127768216,0.17829094112565794,-1.9452516969612503,-1.2021789159965373,-0.03933995592736076,1.6566066532434522,-3.8186569519083875,1
-3.863264767924766,-3.263641281591618,-1.869143601157508,-1.249979464471987,0.8629397112422239,1.4803362440905297,2.553912683044445,-0.6108019427836804,-1.5189845835554145,0.17980393100333325,-1.3444339198884014,5.701525827380084,-6.064010882326963,1.0602234064493283,-0.13310886351736356,-0.14939421360242464,-1.7325005761253098,0.9737669359390929,-3.2724474876884857,-6.536921375484252,2
1.081422136137551,-0.9444551629528277,2.7149677866984074,0.016302770267652034,-1.1714143920939892,-5.312948519242167,-1.1860504968389585,-2.387073943915655,0.6401707108826453,0.1885199066092912,1.9974644363704699,-0.5100826259943184,4.278718149668952,-1.7806869102653178,-0.7539698852904091,-0.020426742247011312,-0.6287955701179122,1.309813335192124,-0.18936005855151017,-0.3185022420785988,0
-1.0996685607963415,1.3524033726108526,0.726904273148366,1.3190972865617847,1.2670446625292706,-1.5946800208346281,-2.352905280947817,-1.4963752035261348,1.0466483608417794,-0.7242800413106709,-0.41407689136530956,-0.2414569578270349,6.93552020469302,-2.6701088170254357,0.19699115611679208,-0.14006602627764192,0.22711409094931329,-0.49759074464419617,-1.6234289356912512,1.1182407851584093,1
-3.404223002716799,3.487051235759848,-0.7521226399831804,1.529967725356955,-0.0777940894374174,1.9074696640921136,0.05107391428208352,-0.07063870004955186,1.254744837337654,0.2627394314857101,-3.391147806555175,-0.3338256536448986,6.843870211765326,-0.369396197960219,-1.0054679922322418,-2.6001207001989832,3.471856686080405,2.229639433423198,-0.18159095286665727,4.877488982972173,0
-0.06783856349811078,-1.0741472106677064,2.6048040852046292,0.724459819419875,0.012349689985716507,-4.428519027329502,-1.2536274268624032,-0.745381427476137,0.9968162895388204,5.284037407523695,-0.23813056955658513,1.8906848693690952,4.778211359596121,-3.896974724501205,-0.18424597885404745,0.32000702692797406,-1.2171485041019106,1.2060858873997573,0.6112652965934084,-2.7572495994375785,2
3.731427698330181,-1.518663517309939,-2.3705612150918025,1.604388124418157,0.03215861956518158,-3.209860814991784,-0.8024861734574149,-5.7541220022757456,0.5204017627353577,-1.668825981260666,-2.8508280648425375,-0.13849451918694777,2.4884901329525104,-1.4363787320384498,-0.06542809442218743,0.7367754089031674,0.956912554445184,-0.86941543155261,-0.03949859605674744,0.29876041675834775,2
-1.8937892660852196,0.1320528010434333,2.5676635184362007,1.9733815136611406,-1.13824594605993,-4.626092141455117,-3.419597577978165,-2.256454118114913,0.19413215200564357,-0.8782086156851706,0.32371519843215607,0.505719592177921,8.888236245994014,-2.4907636199367333,0.4653439939578765,-0.7181987605057618,-0.29575625773379044,-1.154355895048134,-2.241479085292759,0.7313030113980211,0
3.0233867607429623,-0.09509375376798895,1.6827566345565577,-2.6309237982448748,-1.8536912317696805,-2.2315738826496787,0.4936696551868984,1.270567752326761,1.1827773704720832,4.527898239964186,3.8312997815984806,-1.1662889436338841,-1.2563401212864718,-0.6204422414406566,-0.17684586429168253,0.3923182190045338,-1.873689247045972,-3.2268996247805846,0.7273257532809766,-2.4172263982611146,2
-1.1710084223105803,-0.04779106760476459,0.8694677094738685,2.289550861026676,1.199590148993406,-2.686854656084424,0.20763168481161626,-3.865612694576831,-1.6322033369710098,2.0579807348639134,-0.9144563115328781,0.09502940259965392,4.424425566686765,0.9716550553695685,-1.3506627611656268,-1.4301015922497284,-2.231964746164924,1.550278824078565,-1.4063033427968177,-0.6012731305516615,2
-0.21386612592428866,0.6024031572377366,-0.4108755624764641,-1.474702865049708,-0.5484228891280898,2.581581027566855,1.120732700728229,-0.09465598603612829,-0.09582708075830633,-2.4679924288883184,1.5931778985434508,0.2122162820181947,-3.6330607382420306,-0.7379681618512302,-1.6750808004617643,-0.05475155588077463,-1.553325222481199,-1.7973349779332692,-0.2739241223218505,-1.5899698375799434,2
0.6781768851856002,0.881887881646382,-2.3680572597634293,1.5982825517115362,1.2007077511836866,-0.8523550882610529,-0.6842754202017353,-3.860992432289378,0.9922521257553025,-1.569344687128352,-3.7537358756396846,0.29308866423613944,4.603101215834685,-0.6765723122884861,0.8890417717343652,0.3863169679584866,2.739696840212082,-0.4247716341168265,-0.2893034739135689,2.9277542052788488,2
1.0099571094148687,1.016904032311886,1.6548344055475004,-0.4802047659738786,-0.6419969944533352,-3.219933799826484,0.5681435198337674,-2.8093008314394514,-0.22956017300372036,0.07198922903427984,2.118132744535936,-1.675279216373542,2.8132182283315195,1.812955042291328,0.8758373287657037,1.4244504949072732,-0.40668737208047256,1.3316354299678392,-0.008248343567877292,1.9725575622486868,1
-0.6573744593790948,1.1426507130562684,1.8476044505641467,0.30369746087537974,-0.9077499505561069,-1.4282741823846263,-0.7793528668664105,-0.5971487556510802,-0.324402919948115,-0.01503523221977543,0.6506367549529878,-0.20300093552977794,3.5442216726409512,-1.418690568431045,-0.5951497782664488,-1.043243409174384,0.10419781319486054,0.3291710222650009,0.5827330550064505,1.309726798407944,2
0.10721570057606597,0.2544746541371695,1.890339065177233,0.6814457275817497,-1.4030010670275401,-1.516428707484598,0.782670419982074,-1.2651687791983859,-1.125019066580641,1.3312511195157102,0.2201484545975218,-0.39795195855208254,1.124883668589958,-0.2759821801452492,0.8402168599640815,-2.0679592873527577,-0.7760577926633467,0.19932619610515934,1.934057377700994,0.5739090603676641,2
0.7533797178310986,0.6228700924132058,1.0815310418768094,-0.2698124498262344,1.299500767006587,-1.2339671474920009,-0.4237371905753457,-1.1881491295479951,-1.661590238341676,-2.1009256118969546,1.2867278137977067,-1.1428643092684716,1.5930184001372325,-0.9184803362178344,0.25538336538533213,0.04854854468103579,0.27041796793494843,0.7543139687865577,0.5238063604807359,1.434741837608085,2
-1.3452204722904493,-2.702983755636356,3.7467541270851954,1.8703111188432961,-2.65494744061676,-5.218951984796805,-3.5330719746012,0.7529447264278419,0.9456606628205836,0.08487413073051958,0.954977176111201,0.5040430457866694,5.6654414905727135,-3.7917874315234856,-0.1443119324167644,0.24139996626790924,-0.5702485323513058,1.003636878369115,-1.006641798176332,-1.65414354245336,2
-0.8751343348940763,1.48936080224572,1.5520539821391508,-2.636914301556529,-0.3177037310668073,-1.2519790297184843,-0.5405998489758241,0.1063872096347191,0.026603121253563643,0.8723188723618331,3.6993125205534163,0.3140800951816566,3.05515719485195,-2.6440583161521185,-0.707959370631998,-0.5154392914359576,-1.4809950553199114,1.6183784768913128,-2.5996424523957984,-2.1837808384708843,1
3.069293749335211,1.0459572213095019,0.35359354276567095,-0.7968253373859058,1.8181588366757873,-4.766821483861027,-2.687800585824924,-1.8735201653320264,0.22054890689522208,1.3396445715151464,0.40153287649272873,0.8958327459701381,4.1155314953666755,1.6138717961957503,0.17830995631569363,0.6812343199949997,2.3532267624625485,-0.976169018468538,0.6202519656166023,3.423012499822083,1
4.017331766421558,-3.561642524783359,-2.5950740510281167,1.7831003878960403,-0.3792459077712594,-2.042580658802862,-1.9010121749207918,-1.8265421390320837,-0.979022129575797,-1.603138485649572,-1.3029342347912072,-1.569309794349167,-0.9368571336248077,-0.0037510262952685225,-0.12115804919071038,-0.2531215762858126,-0.4681405680612599,0.948865245446841,-1.646193455494398,-1.8698782877327096,2
0.9957962083652631,1.9749406390606916,3.2273399182137927,0.0004776054694936027,1.2124767039620095,-0.18441044828624714,-2.547477052176997,2.5874374805093994,-0.08356255319286285,0.2887053076554513,3.7429465701024887,-1.8844866641605975,0.8216370087815089,-0.13792266872560022,0.7351552319892513,1.094650815910273,-2.1954189873486714,-0.4581593285932139,1.5828038449239963,1.423056780973898,1
-1.8348033751864736,-0.7258705298572972,0.23143762966502712,3.1569348711743763,0.6973933261952787,-2.3446927210043578,0.10769141182974684,-1.6691709112490494,-1.0110388627342,1.4747065973389886,-3.032264072998174,-0.5324689726098533,4.618754665833765,2.8032719318092845,-1.0806594295742495,-2.544075518734061,1.393260124924658,-1.2101819050972824,-0.4763209208171134,2.5918006057068674,1
-3.2984949048442096,-0.7352095040628406,-1.5005824382231696,1.9672766116691942,-2.1648858089120564,3.8730616724243228,3.4798130308885207,-1.909325715440923,-0.4183194199414601,-1.6274023944643512,-4.704014126901031,3.1791811596901285,-4.861895904998292,1.2746683181428478,0.5121711192871908,-1.609772700335389,0.12500395592974978,-1.6662228008386173,2.2646082287350797,-0.2750796075766679,2
0.21462933292991207,0.2903094971301635,1.2736708033180237,-0.5702101167598129,-0.4272725817655366,-0.2809713336586669,0.32908877691436766,-0.8750150803219534,1.1840690584438738,-0.9798119885816654,2.045813128523248,0.12066582851639096,-1.7976701293307218,0.8323775110405729,0.32402343422206537,-1.8464216590525009,-1.977179406134189,0.6353518112991401,0.41753630693453453,-0.5615839663605025,0
1.4751180321913133,-0.07807979392924147,-0.9507588520406318,-1.6323836937409932,-1.145577535434755,1.9541301334907502,0.06312600989048489,-0.2340152961199845,-0.49657995373991737,-5.465653555543723,2.511016660242313,-1.2234576862217044,-4.343966625599831,0.07730578737744959,-0.6473206015015321,0.8997868507630178,-0.8625188789325977,-0.6175076902303167,-0.7999652479199091,-0.49963233733175877,0
0.8193105765082728,-0.23259012887224778,0.9211720771524436,-0.2797758227195791,-1.3357859623848647,2.1321232627672724,-0.989239127420702,4.335334183199669,-1.0137331535651615,2.136354976122858,2.3312545574302197,-0.8260660513565559,-4.216545938427338,0.6755807956852076,-0.1636254487730873,-0.554202454952579,-2.864467799834203,-1.2256029509557917,0.6166761549748241,-2.194583765775969,2
-1.2616493603982202,2.2229653472591355,-1.1558228932459857,1.91233649915631,1.709942050999601,3.5527652455552095,0.4643194922421976,-0.8607677791411243,0.3924377040762278,-1.9682686837401342,-2.8771146377633765,0.4242885248281507,-0.6979130156861656,1.7153560704058397,-0.18738931935650738,-1.2365556001487341,0.7508573814016697,-0.47416168549832216,2.0214518926776863,3.4683559399587556,2
-4.628781315124301,1.4673040676848195,1.4992226436752316,1.3295512115942456,-0.15952204806612233,-1.218927927461749,0.34260718751350605,-1.1532862224967935,-0.3958303766699278,3.516861973067953,-1.772816341635922,3.1538005014663897,4.615274033194808,2.1223331404679624,1.4846904025987575,-0.4586002861898597,-0.13683118427332897,-0.8233695226135396,-0.8930718397395501,0.9484317252286866,2
2.7636065034518404,-0.9539756413265463,0.7611404383675922,-2.0355579590556507,-0.543829053927893,-1.824542089099,2.2166872693634923,-1.9586515724660138,0.14219313514130974,-2.594816239326708,3.1301529367043117,-2.300586504064639,-3.553531719802559,1.708543787281974,0.3103284759617465,-2.0205935003323385,-0.2887668004345142,-0.416217619899324,0.9984193123064661,0.39679602570642963,0
-3.213266275222528,-2.519558188686461,2.5784593767254673,-2.0996770000125187,0.24470042646170703,-3.32791734591517,1.930679155545969,0.6406195708570495,-0.8042690495286687,0.6015813052414306,0.3528491045680335,3.6117949380949956,-0.20961331317544676,-1.5436196541453682,0.4032722774108696,2.2963393159293584,2.3972736730315747,0.5103204124441805,0.4576761747843603,-1.6523812200156225,1
-3.6240553849976935,4.619393169134296,-2.6481232209617898,0.6979049844463576,0.0930212882214317,7.484812446259861,-4.227920577020205,3.2972943034488758,0.8764153664646398,-2.6002644604928045,-1.1308540899347628,2.907316977986,0.6757189612647063,-0.20148218109525728,-0.998335189496172,0.9175992702596298,-1.1663728743564956,1.2528889954136575,-3.0830269707694313,0.7634711306002668,0
0.3708716879411025,-1.1830950016718407,0.4891816155640106,1.1112148881572592,1.7931143276074963,-0.9669076107195306,-1.1707708110229968,0.5212084264041987,0.7690926629557497,-1.9197284056458972,-1.0184359188408925,0.30621643018582945,-0.5787439036062121,0.7272862349344886,-2.0545820248619173,0.4104298872509025,1.633277015152339,-0.6850184429350642,1.5852078912102747,1.9332886662020048,0
-0.020441598563799592,-0.8326541970627449,0.9110175350998948,-1.33155394191716,1.3270797513934045,-3.991253618364756,0.2770133015905145,-1.6558246662355312,1.5480743985441079,0.5580052025049969,1.242840998732525,0.4060936172783377,2.746876982788935,0.4062904128434962,1.0774938111461643,-2.680611134073835,1.09439304585871,-0.45955431499411903,-1.5273819743269919,-0.07240413017146213,1
-8.132580481448782,5.874234753313789,0.23724826585546543,5.2945469286196865,-0.5532421842024213,5.8009753754795295,0.013520351952132748,2.270414905487224,-1.1169803085905285,2.964002526798445,-3.673411127294402,-3.8603714460571497,11.549090468742031,0.5546426493253407,0.37428951013084594,0.7448110491967598,-0.37098659325273775,0.6499430178123937,-2.9365304129668797,4.745124606929666,1
-3.8652663261546434,0.7611242229913175,3.8988904572470244,-0.5263353015583265,-0.5242816096582952,-2.517081738587437,2.8954443507405245,-2.356998287587259,-0.4774915968411002,0.04012800557125673,1.8377675704589314,-0.6329394516753892,4.939854724943712,-2.4857899208943355,-0.04797993391856003,0.8165690239710347,-0.5645956445985267,-0.01916049758164179,-0.22697071378102762,-0.13305745946971703,0
3.2071050464119764,-4.57592537671842,1.2156175145260106,-1.9718897920964045,1.552447547928313,-4.651034390410967,-2.305512648056949,3.6478579111904175,-1.929808912891066,1.497073870215273,1.6820086276329638,2.3248345761068405,-4.703252248270158,1.267758957085749,-0.6538487364791594,-1.6695269492947695,1.9275962755556832,2.1208409479491186,1.409157394397673,-1.683613859726363,1
1.2111036682142675,4.336964683801253,1.6981729467580235,-2.3500790629881583,0.300659448885967,0.9926375422229807,2.110510085606444,-2.661036267715998,-0.1276261786504852,-0.42985560347596574,3.426236753414823,-1.5536124838359768,0.318236374969216,-0.9488277068326993,1.2930975212410925,1.8063571593725565,-1.935966164039014,-0.15572252146734258,2.116005261873452,1.5813671237261604,2
-4.341809730305565,-1.6323256749255375,0.6712093546420075,0.08603536440233517,0.7410992282667114,-1.4579802248388471,1.0306096393135116,2.029321814792799,-0.04098753284461416,-1.4572103879298264,-2.415382743610531,2.0366556361652015,1.0524915813680318,3.173946731886069,0.4193460736613444,-0.32137110185219164,5.680952959310058,-1.1446176648765949,0.06495863795998891,3.7514037132259426,1
-0.014779235937466214,0.8958185324356915,0.885106303397954,0.9852069311371734,-0.19658939694433109,0.6106922162458939,1.9594500607931846,-1.7015797119740281,-0.7419089996448037,-0.7668716103168263,-0.9918413544767551,-1.0373144785826929,-0.3054558842071264,-0.015482220456796092,0.7630620157385543,-0.5230404296165858,0.25444574272413567,1.121827491987481,3.0743873605809906,2.184597284110814,0
4.304063699785938,-1.2116802991315982,-1.1021139854702442,-0.22740143667620033,-0.816042000988651,-1.4561212772057452,0.6401985314307945,-2.074419183404287,-0.8919192661546727,-0.6057555223115648,0.9805233129191226,-2.7580799899541275,-2.0925860655063984,1.1693130460436594,0.008873458852412548,-0.27127131945695626,-0.722214976122223,1.7572742170721443,0.4216804679009645,-0.19969368418131977,0
4.83722220389511,0.420926103656043,0.4312884127709663,-1.1108817418977988,0.3477606482268912,-4.62306688909818,-2.7966671982068796,-0.968305885373961,-0.06970191911782275,0.6196598506009958,1.9934865803156316,-1.3869393056308628,2.664685157948589,1.3359934286879835,0.2549847324777368,0.886821712427383,1.5749101814377315,1.1935424710049372,0.6278134492569598,2.864417564541577,2
-0.26721861566909816,-1.657428832191044,1.8455579766551633,-0.645793420972282,-0.6330354005616816,-1.39180154005819,1.5137347331157667,-0.06393284883039013,2.361890703170213,-0.6349126514114956,1.2460519404912593,0.13053937770827528,-2.268694356568389,-0.26458201976615403,-1.2500886750939233,1.056661949261027,-0.33031305469300015,-1.6121135315254396,1.330641054715827,-1.0114646793370043,0
-2.1943652420486917,-1.0538615664707354,1.0831030475017562,-0.5237087138766421,-0.5643615535611595,1.322054550938312,3.6372973432393225,1.0407307837933188,0.28487101741084303,-0.5388619690106278,-0.17081163569657654,-0.24796267236734387,-3.424707426489908,0.48682552218865605,-1.3789165487173327,0.1829733603052616,0.7803499026905605,-1.9413731289826768,1.7892291588976428,-0.1225793945765584,1
-2.407959731594531,2.5402616965594564,1.8345093954264542,-1.0900060325471372,-0.9047063055854803,-1.0140895747289078,0.06731275239790824,-1.8888733274959233,1.0025044548820388,3.1267037476166206,1.8627877977130676,1.76464012067362,4.988658326189291,-2.744246579568696,0.31498753542050073,1.014894342063009,-2.850369060665718,0.6240901831841357,-2.0987171804687907,-2.475781916548846,0
-1.3830274070603914,-1.6714084153523077,0.32919929885787913,2.2108740393390844,0.12390824563606952,0.6422428296795829,2.9912832373061304,-2.8572332801123035,-0.5021715068525778,-2.1433632140806402,-3.617965634852551,1.8895827985954057,-3.865517578195601,1.0642181016698393,-0.43807285678130725,-0.6235090134903337,0.5672276411714066,-1.5821880508751418,3.9897649724040516,1.003890529219067,2
6.239161198310427,-1.617995621906339,3.129070942903156,-6.76761589706768,-0.7494624633831906,-3.012262200131586,3.842939130145248,2.0556327760145856,0.4684153581887788,-2.539882029362696,6.7416970598873345,-2.918514550592686,-9.381246063989202,0.4212655182478171,0.33593539139645895,-1.2855844352134582,3.070716255113935,0.18654182120262447,6.289478035584961,1.8020096841456414,0
0.1042113395679537,2.051264697877556,2.396461907338052,-0.13006931357140228,0.09802958244366852,-0.09722411275013991,-0.945778885051916,0.5701481344000148,-1.4443302334227175,0.7453343478794012,2.054238416168988,-0.2725065276343869,0.8907644500146812,-0.2527608193619424,-0.12044699536116532,-0.7161685164733763,-1.590769298775535,-1.385534197789162,1.699939348909603,1.108712677513662,2
-1.479424004708011,2.645805803521485,-1.6216845166895235,-1.0875854254446669,0.7197829516672926,5.45982727098436,0.8222170480495141,1.3554980791093885,-1.1216466229495925,-0.07832407459091822,0.7960600720674044,0.42708596767709206,-2.8606839876008463,0.11924292713242063,0.7071129589620101,1.0083544936940132,-2.4097962781005466,-0.7293913343701742,-1.4170465014591764,-1.6502213853386793,2
-1.8371833372469188,1.4699834380672439,0.7681577380412388,-0.4885972376327778,-0.2708112728027683,1.0409603566750976,-1.5582142991037118,1.4337875930405803,0.4913651372326318,-3.158093931867583,0.5710680406682782,1.370603320492371,0.29264302056488495,0.6965181495226677,-0.3721345413413484,2.800876947609391,1.495171095740406,-0.05903983159068665,0.17115063492083554,2.6082237108340585,0
-3.451508583073819,-0.25304097007558907,0.49652591937195767,1.4166326478229418,0.20778184872621697,-2.2356231717696176,0.5557924708815682,-2.0694040098761737,0.8433066744329553,0.34576562748745937,-1.9540876447491642,0.14027214889328815,6.890270966027418,-1.4279726858132589,0.99997606893382,-0.20918043446703338,1.5508693243050604,1.5016346186299734,-2.3892269596513676,0.5421583293907848,1
-1.7836199196549274,-3.1659329171291266,-2.5455582859733923,-1.0937795653886182,0.06558097137017678,4.294456898251912,3.517964793654974,0.8512516148005382,-1.7480345371360055,-2.938616325244524,-1.016640757327716,1.3886908874304411,-8.157505418151244,-1.2058149790985782,-0.25579127846400995,-0.43782232443032437,-0.9079755936836287,0.02973903095615486,-1.3402331026471188,-5.230776486947937,0
2.0989810634581327,1.0971653987745111,2.921269621099635,-2.089404464608094,-0.9925609153928416,-7.181616987981074,-1.605064022762766,-3.2269781246013887,0.1774864154778142,0.7222478777019725,2.9275720773844025,0.6245676312905479,5.913190633382326,0.18319636028136432,-0.7228012370979725,0.0741518959311109,1.7263506236009014,0.9281628335101157,0.4357480019440264,2.8573591565790646,1
-1.2990995378007388,-1.7089098756225574,0.8955573389472342,-3.746343376799596,1.3575882092768423,-2.882903114412782,-1.0964265980121453,3.1012409455871652,-1.087677694731258,-0.5279170303284666,2.1700879609691643,2.9290535790826047,-0.07796437760583677,-0.37232609241912296,0.9812158840733828,0.8865088020755251,3.4937726109252303,-2.410662694908141,-2.019623716633997,-0.7888994425713625,1
1.3391748466885642,-0.6498642907199512,0.590107261003368,0.46576136905402865,0.5545285700218084,-1.6179720435256189,-1.3635354878753356,-0.47874930730905146,-0.2616635842307758,0.4447262592620137,-0.1088325435289286,0.2622244017298605,1.3057938318690885,-2.296822081295724,0.8523631348003574,-3.1956240884900367,-0.27249998404247394,0.36519790841142424,0.7155410101170181,-0.7388033283443364,0
2.719270064454611,-3.99415723633287,0.7994037477116791,0.25346931350788593,0.1400593061162479,-3.961861148509435,-0.05552044502412179,-1.936421440227664,-0.5272430277356126,-2.1096445446490906,0.38214547192989073,-0.16525131607094307,-2.211550598694412,-1.0137984886680194,0.5303099362479597,0.3407676757274373,0.12104636154559345,0.006638010381105304,1.1921507989712348,-1.5847966097949624,1
-1.8017737143037271,-0.6374374451948173,0.37462428344691945,-0.3552107003370586,0.1102446321191789,-1.2384371421684826,0.08106937017814009,-1.3954423780918144,1.1278099799572492,-2.129182923698111,0.3054447200345359,0.747686593116526,2.2001315214009205,-1.617448907466871,-1.2318587110719776,-1.3819773746726571,0.37529947760540266,-0.9365367870263103,-2.0234011102764473,-0.9057450088763893,1
2.8663476187908166,-3.191248310110592,-0.040138742721212206,1.9829683480588567,0.2482585417616836,-5.25897258592879,-3.7417044093716587,-1.052981500780193,-0.2808637555749642,-2.231796411302889,-0.4014173546419392,-2.308358085633687,4.9134115445038145,-1.5628393950444452,1.732184577177565,0.04269727445844389,1.7717185665668398,-2.4338165053449266,-1.7179708978248556,0.761639735702418,0
-0.8012999519497463,-1.6092495713595172,2.9432824185133413,2.4385806616332344,1.2704333556647733,-6.38280713278563,-3.858881283981162,-2.4315711256330013,-0.3442015976650043,0.14679828961002261,-0.9403059543282193,1.4585624845034928,9.111001177072833,-5.057263704845003,0.8866387211137389,0.48989510640964345,0.44992151992230867,0.6353644611714051,-0.7184531576396433,-0.3890141459609803,2
-2.1390307519694556,1.7500722983036154,0.34121233002894924,2.0080525754845704,-0.1974999508686636,-0.543859112931534,-3.1224544789130997,0.7577707409198546,0.037198196936267684,0.7129990066771725,-1.7507523767157986,1.38339238764865,5.161830719993615,1.7518359799087135,0.3838235638312694,0.21988363049347096,1.3385004232525048,0.05304078427044696,-0.8601761665928116,3.299231468785294,0
-2.648555566039029,-0.4361425391735184,-0.6239961906210727,2.8097218500530463,1.400554386500802,1.421960600385403,-2.088452171758811,-1.616893306123295,0.14320219249638214,-1.5253075492368304,-1.5154589905624687,1.8573105324284533,1.98562875530567,-2.2527031371359008,-0.7289658219887498,0.13077246894419722,-3.5585428959033103,0.009770567353241414,-3.065567444337502,-3.413838841096841,0
0.47148039625380833,0.5403433450294545,0.049204005213304036,-0.902792527455651,-0.5846505953032183,0.283535181879808,0.7546453727505824,-0.928921856179837,-1.4818523031090183,-0.24334922362702527,1.4227999555632906,0.09280310941318448,-1.8931944639895277,1.4623281895845792,-1.0078551986814441,1.4211790967971154,-1.4196813585365438,-1.8512385761517283,-0.19531559330662907,-0.5129523495596802,0
-3.4553802133417655,0.4812138628968686,-4.555897122542372,-2.182712707034828,-0.839289536708479,10.582147384479338,2.1244329428890136,3.669675804723733,0.689269669125307,-4.046839773689053,-1.073199809154112,3.5413207241981866,-10.664919217181579,-1.117661156781776,2.18502692864443,2.338650940554561,-1.666588957666007,1.1366497063755456,-2.1269847629282146,-5.017191438103602,2
-0.5775037877275421,1.5593536810069337,2.3209397756506096,-1.6837677051845423,-1.342719664837795,-1.2245410307108828,0.5019052409191493,-1.1852471208555249,0.6695805734803054,-1.8551519128255944,1.4719329410419373,0.5422518421592637,2.4314932172391575,-3.8165491331901378,-1.6589105828832822,0.48205072830031015,1.225184314418238,-1.3258700887244808,1.8408814886379874,1.268000869480141,1
4.62402047488808,-1.3247643368877193,1.7063269925813545,-2.6553974273599437,0.5055077575917957,-6.1647803024748296,-1.066047208942201,-2.1804651907710877,-0.9078688084774094,2.035563577257804,4.100024776465953,-1.000604188757861,2.282789865955168,-2.961939075891444,-0.6937253088683843,-0.019514802751701654,-1.1837061201202757,1.0508882409468694,-0.653704924756658,-2.728881092982533,0
2.843111324023257,-1.279931887933064,-2.7220728236605107,2.754928866902749,0.6041965491497002,-0.16543312175627414,-1.141601888729869,-1.919174702128374,0.40293687242053067,3.3207644000693444,-3.4003558813522607,-0.7691665976478133,1.8480113972439214,-2.3775410472284215,0.20083973869410499,0.06194403497818751,-1.5800291235561046,-0.35541430412854735,-0.5819129791785846,-2.654978341644941,1
-2.442009174483649,-3.1052202107344153,-5.30692899168168,0.8487940006206525,-0.4796414053936284,8.18633036064673,2.6647428478779824,0.6909269322464469,0.2774979724338658,-5.335684901473397,-4.761936971740656,3.8560973977918795,-11.557919984033948,-0.20652555138446538,-1.5659710486073255,-0.5862022186072832,-0.6734166755297335,-0.6713238076569781,-0.5939956024161952,-4.759420345287655,2
5.501346395615337,-2.4842262659091428,3.7733635175729527,-0.4693689595410122,-1.1853826287004856,-9.340813519099358,-2.8622312908762546,-1.9457589845590544,-0.7166839079360776,-0.3835855483031656,3.9897229053105314,-2.222737315286796,2.5232842016765606,1.8591726385001852,-0.12103216230287615,0.17515444066647393,0.7977076535475616,1.5435389313807983,1.8291703855749621,2.5285743112066137,1
1.6954178567491376,-1.015654247335437,2.204516770498613,-1.2197957213937871,-0.40349579406262814,-5.3484513052132625,0.4656161268984673,-2.324631742188907,-0.48865539661173335,1.1839719192024227,2.7813348427088855,-2.134993895577313,4.316070929649833,-2.1689849346863332,0.5556268227948727,1.5040676045201982,-0.24923361522661713,-0.982166950484931,-0.8972126366952959,-0.9667579069724758,0
-2.3100384932201043,0.6260402179491467,2.8605631623018453,-1.0077778604908283,-0.7025136898233378,-1.6784941382976462,-1.3941760089759438,1.4602968948515567,-0.10909320827625384,-0.9724600505434289,0.5777156755732545,2.732839319459952,2.550898907617274,-2.586548941634314,0.1696168067176415,0.296290348483435,2.2677886268193594,-2.9421258106806167,1.5371909713589595,1.530594884138683,0
-4.865981909572868,1.3344378560800694,3.24855441159281,-2.5446257889974664,0.05120391057396452,-0.6936545584122177,2.4455320557163396,-0.7634634276384855,-0.9973773707490861,-2.553318281586978,3.492821596298856,1.779927235218655,0.08145740205443566,1.740944152457653,-0.415227229260821,-1.2283487652379041,-0.35588979097626927,1.7063797807824088,-1.2108849426925863,0.5212483204843844,1
0.488645654453421,-0.8096269201599925,1.2262541127957494,1.0197258674266902,-0.42225672172140166,-1.21063835882343,-0.16540468918063495,-0.8638185825676988,0.011557922771419232,0.7888758217433663,0.14673764785827453,-0.006283491224264581,0.007500675990974549,-0.7880322566034419,1.3056463681161927,-0.490356596524683,-1.639985985860557,-1.471979277029429,0.9955096189529271,-1.101098346881024,2
2.3305729299067472,0.382875993714598,-0.5852627227177958,-1.689262733656774,-0.07142964623750514,-1.6242974904839864,-2.7758521428998337,0.837428593500853,-0.6189896144478633,0.28276469792943604,2.8069569407410646,-0.30689339881680977,0.6549300747253006,1.4379871647433795,-0.06820297252355163,0.9874897169687273,-0.5560514092976057,0.04522619064655778,-2.610187907760187,-0.4073053067049782,1
6.323198679533534,-5.210803217103718,1.7193679480819841,0.01529889024000719,2.3905354771458587,-9.841943993089592,-3.4315248696009935,-3.8597202831722814,0.11277074508506787,-0.19467231467782842,2.397011726813089,0.2541865672472675,0.7769914861416515,-0.35983491068996665,0.9803386702177634,-0.07784778154432369,-0.9763645421222185,-0.21080832450621106,-0.11858352777269882,-2.441306833835211,1
-1.7723949620070603,0.8805781970830564,0.6700813442122824,1.158757928501315,-1.76255218604164,-1.2756322925365295,-1.0725777747036656,-0.7292287334637219,0.11237668162789474,-0.14753196438597038,-1.6636966449295265,0.630454782296773,5.26792513267961,-1.421555169094486,0.8093600720105012,0.2801411217288841,1.9262338346197891,0.29601205313814366,-0.12137859577623311,2.1516098447086343,2
-2.096647940710737,2.028399452363341,2.2237858175683156,0.20609022234618452,-0.8741035628626731,-0.34529860676248186,0.09291527048177217,-0.1903677893250657,1.4280708119024874,-0.1685012572800047,-0.4569708317268925,0.44785709796196405,4.280302775601298,-2.950440968558964,0.3913177662105359,-0.42993197092420804,1.5202883345522966,-0.2680077425053572,1.9485905145515496,2.378963617313235,1
3.204968862183504,-2.7515316638839593,-2.2587875863282116,0.31616153827232274,-0.3938585671692143,2.5925457958467857,2.2263713017897873,1.506937129637771,0.3141158493773917,1.970326740529713,-0.13059047677907737,-1.8821888463692305,-8.830650016549473,3.0556826459938256,0.0460850135404643,2.169770748750665,-2.6620988504840613,-1.3764734410914066,0.9539347311107285,-3.3717561594404684,2
1.029386828440539,1.6765842067785564,-0.5159479976596961,-1.745841776417811,-2.28091210820784,-3.624371893510285,-1.808738292746833,-2.623163578690083,-1.9788681601400961,-0.11666455521273894,-0.6597361017381027,3.0549911419473266,4.255241398056801,0.8022693573829829,1.0795235160501695,0.015568274812603318,3.728359044356249,0.6918287913117352,-0.12678094901144632,3.4288970151901816,1
0.8415097815832774,-0.23201435518160907,2.3065363528912313,0.6588181656551997,0.6588491411272431,-2.6684086793413275,-0.009958674299584913,-2.726843534875955,0.20078517039165847,-0.4101073878388315,2.4998410766351182,-0.7907741151000198,-0.11838501614386651,2.110609145150636,0.14877340450109247,0.627292013125093,-3.263263063014087,0.8771101252519662,0.2536109176762652,-0.3107144717571396,0
2.6547444652110275,1.142812624572847,1.7029561206194455,-2.643822168034667,0.030467406804004175,-5.951153217261975,-1.3669677583072033,-3.038454798312966,0.43373239402801883,-0.40925307162771957,2.6370244818224715,0.9041068466380708,3.7801547740014123,1.0113097897333765,1.3674390431630605,1.580727042398517,2.3024085763364184,-0.14028650834818324,0.49256360342964844,3.145087616679489,1
8.166545789851334,-2.220606440241759,0.5095035594432841,-4.710864682409174,0.20461822559046108,-7.767669073424363,-2.5692140556827145,-4.952948941815692,-2.064390964028844,-3.75453437948261,3.4970761887038124,2.9410124117458674,-2.038135789440483,-3.7787356261751635,-1.3262027893636903,0.6597224693877703,1.8871884812808613,-1.0303076505733457,2.295363424677046,-1.0097144069537607,1
0.584779779224499,0.9849689521269629,2.1341003890778993,0.022789409944246497,0.6291798578745547,-3.374303955557054,-1.4880718548660585,-2.234898963941356,1.3818480357930825,0.5779362384029763,1.6894575747720557,0.46343275871603684,3.604590181705594,-0.15819797095536425,-0.7078562474049283,-1.6290932886306528,-1.1558083377349695,0.07657993120346739,0.06604958832919139,0.7246659051234511,0
-1.0893324363570007,0.2167952424146803,0.4937357616579317,-0.6130159737974104,2.1815690809682082,-0.7745635284352178,3.140220021418006,-1.8376829173539249,2.0101508500891336,1.163229400986959,0.2020820192637905,-1.9869322169864945,2.9855699612544107,-2.2201714662070957,0.13324005397481176,-0.36609231290773714,0.23815910701709508,1.9697026790511198,-0.7280559042018053,-0.7726406358541777,0
5.052267461713709,-2.2420226537467234,2.0161435037150106,-0.47683430071563415,0.6786076590701907,-5.358503707352009,-0.1302477324870071,-2.3807919593816416,-1.0814078479612759,0.25557860698685253,2.3492602829215814,-2.2807050317345565,-0.2615425972701551,-1.1269533945459858,-0.11472151179391586,0.2780092848865,-0.601546891596544,0.3317219466232881,2.4380426460069136,-0.3625775483831953,0
-0.23626295044714923,-0.7015991555880577,-0.4553267916132302,1.4960200567298656,2.112519290962802,-1.269919937487716,-3.023881361781955,0.8566291195171492,0.9575177776433257,0.4103273128741455,-1.293992231852178,1.6627909985510803,1.3356956675467961,2.273223515545086,0.495137870045973,-0.28518844674365934,0.6438693305290226,-0.6214734047144778,-1.0728418312359311,0.9595656765797453,0
3.0849738031610823,-4.215894704096602,2.699557936961084,-2.832084339189227,0.5248675778853081,-9.285857566997601,-0.48303461414865473,-1.0871692354671876,-0.342589614137297,1.4418585992222757,2.3474818990723487,1.4464382925602852,1.2431484297832005,-0.49203307177900024,0.7832702169367295,0.7880704016029604,3.2381171068833545,1.2780661047654278,0.8296767165982577,-0.603628128442195,1
2.3138146276635307,-0.21504077117376746,-1.0359044507374016,0.6816687169640195,-1.091749429224336,-1.9296027726660718,-1.8300460207107188,-2.524438323214054,-0.15649639057169043,-2.408411743737804,-0.42411546920874915,-0.9059366488743599,2.480617267400171,-0.618975452948334,0.4901971418462857,0.866320364823763,0.7914049151503553,0.0005618554692100441,-0.7437251758804715,1.278383713860665,2
-0.16015423395267878,-0.5822088599921422,1.5434370342371821,2.48627091131506,-0.5365572838111947,-4.828161542561262,-2.23790690651989,-2.015511943673589,0.5737354822298656,1.2487562099032798,-2.4038199443229398,0.34625980403920065,7.766110550900004,-1.9927484126397164,0.5295254443280599,0.20136082868448554,2.2597222619275597,0.8562414122965504,0.6988407198576039,2.4037015998373343,0
-5.2038674933875715,5.024078530603057,0.1933771380718725,2.2709750426676605,-0.772833460036299,3.8457038647039563,-0.10060975940175415,0.8929693057957953,0.22659212617799823,0.8896549282669923,0.26290217060563525,-4.280813114477919,9.028731362612739,0.27202703458551014,-1.258368594304883,0.8333894899614118,-1.6590383213234583,-1.1463526088450813,-4.466833135815705,2.5111325008798846,1
-7.534198965918275,5.809714292806108,-2.6213535418470224,0.8291930344084735,-1.2323575043213433,9.75637808344467,3.6043165088720315,2.0914186901086658,0.8172366189978882,-1.1367123037287818,-4.278359726555676,-0.22835787087913428,2.4235596501246204,-0.09109607123824481,-0.21765189078506733,-0.610764907132292,2.6052528602545473,-0.5532785728680706,-0.7561475749156819,4.0443241664643175,1
1.2854488605701413,-2.330830656316145,-2.056466482032816,-3.6481473694155473,0.8521995130955184,3.619311460565319,4.526661969727002,1.5693529511267892,0.17049630745228547,-1.9494920370026463,1.9414493905354282,-0.33657365013559887,-10.923630189687284,0.8649651969711238,0.3676972532248786,1.2487012727080387,-0.6951584387410608,0.000857334245964511,0.19657792073577018,-4.057477599831605,0
3.547127115652607,-1.7363142865490189,2.0242612275835734,0.3638945538069712,0.16118492225185851,-5.026389351008017,-2.3804040526874295,-0.42633824477491244,-0.48640551982541314,0.09209101850018198,2.6431667642623666,-2.363477003184715,1.7524478502553782,0.6259531633836117,0.28245048926523897,-0.5529049383707991,-0.6183690235328607,-1.0100864588595426,0.2554822130256523,0.5495999455997133,1
7.387203887750269,-2.611293546329907,-0.8027096383725605,-2.1055504822647784,0.2727084072912799,-5.912587717666649,-3.0510849135428844,-4.6927188830300395,-0.8668191285941451,-3.7526551160602515,0.810447820094185,2.4143026167124257,-1.549565066794043,-3.7015666562733816,1.721103239138698,1.5263124956861485,1.5758236466171829,-1.2749591283821455,2.0499541151224103,-0.9164377592850089,1
-4.191117516766094,-1.9894141106059158,3.4782510000023277,2.6351162029465205,1.5538331422956793,-3.3841440959602824,-1.4045143990171718,0.8024148279423908,0.13398422394332238,0.35902306003678974,-1.3886966828618383,1.2933309591491253,5.629568876173042,-2.438230145406825,0.6288712544525031,1.0820841971530328,0.9306613445643881,0.5916247232846588,-0.09827936191532494,0.05837860911031679,2
-4.522804399574968,3.525718463227884,2.564864649199188,1.365926852562293,-0.3976508141954396,1.0012285838869295,0.06863526245569729,-1.0727898172854724,-0.15985786583573805,-2.222184327422336,1.5876394115008607,-1.6551895927988256,5.518346127085778,1.0354353905479345,0.7347096675729954,0.7185965232500373,-1.535465579935169,0.05914358169179254,-1.5804461520277717,2.9986061489746425,1
4.9534876414149815,-0.0837351874791128,-0.16678713045674126,-2.940048002434196,0.6392930032654406,-1.0924860234496985,-0.6518641073771931,0.6897895311670743,1.1301621858591637,-0.26853298651574686,2.9777924271183283,-1.840940943591959,-1.7675619740837476,-3.04419716374205,-0.6382888306167251,-0.6528710359036057,0.36271930854904466,0.8165545175655982,1.193982443082345,-0.9315011487711123,2
-1.1836931565850723,0.25311095721347565,-3.2357466914648048,2.0742861263733694,-0.15436407277388314,5.881279813897159,0.07298187567982972,3.007360216681454,0.5665024550552186,-2.7522289624597405,-4.8603774706362834,0.35614654405474844,-3.9083078859579263,1.5844000699307168,-0.2979113279980711,1.033628335487516,3.302878479775522,1.9448286415681042,2.087335421912036,3.2686276876154774,0
3.948992761065783,-1.505580496580328,-1.3204276382317206,0.800359485509289,-1.2929813522351876,-0.8445544439166931,-1.9998559099816755,-0.8625118933139729,0.22021318514480237,-1.2132550868315675,0.16988989883577968,-0.9685066782300484,-2.1243720673675557,0.31329499709773934,-0.2824777107832254,-0.22304411329846785,-1.1849406463647538,0.22875558021718137,0.13044459468760078,-0.8421549565127444,2
-4.344526631619653,-2.7491031286461887,2.4514963161677708,3.074737347420751,-0.39502186443836856,-4.406738364865023,-1.1546755404474465,-0.42993044163878624,1.5330688258513046,-3.8808554761289233,-1.1338096465398784,-1.3629293318039002,6.825812117985315,0.9088932543325989,-0.49082647991404904,-0.4518919692228427,2.901625874824709,1.5335008409803093,-2.4284561223432046,2.9261889392083145,0
7.60320668936284,4.780074735997498,3.370008323954767,-1.3731701674348789,0.2345824670753469,-5.499824442871909,-5.563753919987637,-3.4059122978531016,-0.9684127137100002,-1.2382886141623803,6.885944361961696,-3.697157980893454,5.602647234136608,0.5715405211964517,0.3454238190404714,-0.5058456692529554,-2.544669402891461,-1.0078465490671427,1.836332766934785,5.02243251908637,0
-3.278152075777745,2.6395823134309913,2.0470843274554866,-1.3478373480067818,-1.309422299601324,-0.7022868928797328,3.05529979317435,-1.6995023479241937,-1.386879470527027,1.3802737145931583,0.39983190658513845,-0.08954448521058778,5.073179143822156,-1.96018279903379,-0.3389680508233362,0.4187145588757942,1.3903383412805885,-0.8724380986016776,0.3693416788583658,1.6452898208617728,0
1.972057425154843,-2.606696109653841,-1.5333687370531726,1.9921998002478685,1.0337971915140716,0.24843627002835392,-1.2265712359009178,-0.37251286161870323,1.2107755219347964,-0.6634300093474008,-1.2200905674167688,-0.5326600223921762,-2.40733251949744,-0.4586848840411954,0.01022547425274586,1.8791878850731307,-1.9085371643517697,0.48761536727790644,-0.5799709326352662,-2.6497474744173384,2
-1.9695999003683733,0.14449083640802496,-1.0445752548210945,-0.34738156996567515,-1.0069470496085988,3.2259102780190845,-0.08783623812628572,1.0110457980819256,-1.1939024401995502,-1.0307503054606508,0.6763453869193383,0.24300665216765416,-0.5237434879667004,-3.2217205944890948,0.7198641688472236,1.811701208981497,-2.4937807980358073,-0.37740118505126974,-3.097475271555698,-4.085683845451998,2
-1.5619708101284748,-0.7100090403031605,2.2931030526663196,2.1225279819297436,1.191998915532283,-4.715281957069718,-0.9041486527656353,-2.1647136517094108,0.3368112723874649,1.4705148469084826,-1.6971177976714729,0.9810631794886724,6.222577995242712,-0.15447618497181903,-0.7645469051075113,1.3336697411479546,1.4195749914269795,0.6459120154192018,0.5498724523899396,1.9605178498962335,1
-0.058585715787499514,-3.2341992821230345,-0.8013743250435947,1.6436735195780403,0.20069412524292482,-0.6996168715641323,1.141285836963734,-1.0197454127034264,0.6986867093533149,1.2564873323567252,-3.209569683062691,2.028126736998211,-2.59964239556489,-0.45325445426548694,0.9249146692185436,-0.3588760848681331,-0.008447278262404323,-0.2939543922142164,1.2112591509851152,-2.436024048072966,1
1.1005590499592892,-2.371490804417205,-1.0244201221636138,-0.6278519063141098,-1.3457491040495697,-2.2595562297634655,0.9182301342250796,-1.2935617699744122,-1.438074351490207,3.5459092384259265,-1.0814829760576363,1.6662296802164638,-0.2649275034817454,-1.5541130301884074,1.98268492160917,-1.70835896623914,-0.31214148120702356,0.22931891678802221,-0.940812042051242,-3.8827824333954024,1
3.346394754512913,-1.352031923543552,1.6772844489393441,-0.4977033627709566,-1.0426974091832864,-3.6370346592502574,-0.8374776740467982,-1.7813442526989762,0.4503188267807239,0.6104281797529632,2.677980710517381,-1.0742514555554936,0.01344535279575474,-1.6111269695145727,-0.2273275873143359,-1.4038933514001541,-2.3441773924577043,1.5573901576496667,0.5555529930692608,-2.1130396932660185,0
0.1320982663886993,-0.9445407181226215,-0.3629802720126546,1.0396989614439782,-0.05685659986476704,-0.5052113745723659,1.2201397727931904,-2.0526416955357174,0.29133364331879874,-1.4774753944265648,-0.09518903150434284,-1.5307339812569185,-0.6776670075651409,2.1940848441200558,-1.9636701238610712,1.2001415875264168,-0.8437570774557774,-0.6724081857942658,-0.7287046715918626,0.21323837401841597,0
0.2044707120926269,-0.32656264077545494,0.7719967854498238,2.839700283285424,0.7676694887643675,-2.3288673646902254,-1.329895733861766,-4.455776128252671,-1.235447832122853,0.35250053296241934,-2.252742495853476,1.6196829036740596,3.960953364552282,-3.195465365240147,-0.9552154704962744,0.0987039684153378,-1.9650995752893292,0.3051731831289448,0.8250187681427332,-1.1509123285920004,2
-2.725180791114301,1.2073177511248863,4.212128217332115,-1.8601929435138227,-0.6953774654837631,-1.4002930567996168,0.050087530853479056,-0.25626301437126064,1.7729838520970223,-2.275226648213499,4.053004257747363,-0.0558095900759758,3.9545527927370836,-6.067046975148079,0.39376624230404117,0.915453521077365,-1.465813394130254,1.7324850076956253,-0.5923008078112724,-1.708900094054792,1
5.736694480108186,-3.1340426188369452,-1.0594234245066816,-0.4394835687248103,-0.7408542264806607,-2.366550842673235,-0.8886204372146511,-0.16795023853165786,-2.476681556030022,-1.1750686815268807,1.1213056872359166,-2.8165061633331665,-2.931047544104775,-0.9994914272136538,-0.2658552954468585,1.1054813523421145,0.23643240971628732,-0.6694881650021808,0.7907113433448223,-1.2694398690545408,0
-4.774824025307178,1.3948913042391369,1.3099483198755513,3.3260429107373715,0.5333647089351805,-0.8635752465542083,-2.414424383827079,-2.1533209025243916,-0.1680809844048159,-0.017695157735594658,-1.8944223885982876,2.5941661077086304,6.746798106977391,0.25541584239895854,2.01062063320819,-0.7197588447268848,-1.6826924344678515,-0.8986224302507531,-2.497805611115608,0.5817068068864252,0
0.1251706355670209,-2.9177615060543087,-1.1914437418169,0.8316838269857487,-0.7860282744032339,-0.5859553426413261,1.2384536334383622,-1.9838759523913405,-0.025838144716133032,-1.9874692366277873,-2.669848576799387,1.6099514897958649,-2.4753232857144227,-1.088576064509366,0.8593904978198513,1.1350465618696908,1.078835776850099,-0.29400776113237803,0.8062353823631874,-1.4268353003118153,1
1.504986692074397,-0.06184472685846343,-3.639189425036527,1.042327002671061,-0.7730381824010907,3.595934886587488,-2.0926804656613913,2.2300335983572483,0.26454137610206696,0.6946276791761838,-2.886047238223446,1.3241789331639542,-3.1504287586318966,0.8917361231244647,1.7387983609508688,-1.31394449670997,0.36361353438041666,-0.3547019443319407,-0.1413835287830577,-0.452870154158807,0
-2.051245032624003,0.308307480958252,0.828625973540851,1.0898470308018742,0.5633355030589059,-1.1571016267942957,-0.9300538485594018,0.14230086973829315,0.2386000732661008,-0.9188253409305647,-0.9336052548032676,-0.37378520283725414,4.720201972936441,-0.8113538579557071,0.6900583398086663,-0.43482679126773655,1.9108489144676326,-0.20121547789209077,-0.7962848845109523,2.0743279541270088,0
3.2394791515479606,-2.575456279314602,1.3588050717141076,-0.775045783413894,-0.526629612896534,-7.454155954536147,-0.004249019144595967,-3.40470995582299,0.8964247219074125,0.17489005267913638,1.2226536993318544,-0.5385430098280837,1.7964208088339393,2.495811688104843,-0.30529697572190856,0.05985632434587526,2.0041641838074313,-0.18201506898283915,0.4799848501734907,1.622459293779805,1
-3.2997323561357033,1.0959814225381856,-0.07472310596702691,-0.43829853373699834,-1.8799117053720003,3.0490192348589775,1.882911725401915,0.42769421398766627,0.24472791816001685,-2.35965314336416,-0.1816592088230914,-0.23330447948560612,0.2712145592938041,-1.9258404867244086,0.664086228770222,1.3834901644375224,0.33052624880585446,-1.467771340655257,-0.8772020566416777,-0.19526377559049127,1
-1.216755320683089,-1.1643296851049172,3.6741391802355188,-0.6912976340945963,-1.9678301230925799,-2.647089649167718,1.2972043474010948,-1.098513279627511,1.1411994149084022,-1.9640722095261396,3.014170757252148,0.4559446245258403,-1.9222084935961232,1.4274151727257622,-1.1165426433475378,-1.113266268792409,-1.4805819412186951,-0.9065072854978103,1.2081090743438323,-0.21497211247558046,0
-0.4082744961861431,1.8727051026158295,2.8662006120239782,-1.9926267745249375,-0.19823793965256276,-3.2661793770973633,2.1972261611099695,-2.1284325832799644,1.4545182356013242,3.0970709916819934,1.54145459418739,0.032958601429590284,4.538983633445441,-2.4064989471789024,-1.2391280239022682,0.552644714466308,0.8679830798785186,0.9570368301362232,1.7181255132755382,0.9490748177919746,2
1.0538294231086138,-0.35679683331288037,-1.574470870651755,1.2904266752241047,0.6087368960918721,0.5053556476316636,-0.844713908530926,-1.3837879474422463,-0.13281060880247617,-1.7700893607133201,-0.863737294766498,-1.076914043317001,0.31433808659450124,0.15748681228723482,0.7294219383503361,0.41572550997978686,-0.6167190868148641,1.1346860199275617,-1.1642926049906952,-0.06387002396754479,0
-0.06609283127730414,-0.6678159905472277,-0.8345853144306856,1.99842807251408,1.389443133517794,0.9104010855905276,-1.8702909872019229,0.5812621740785864,0.34301196021346014,-1.871753692616318,-2.4524174403802723,0.9803199331651762,-0.4508111510839301,0.007719832432227625,0.5474377714155506,0.7613485633734344,1.061440966912291,-1.3328079788234986,0.9653931733813558,1.2860983571386382,0
0.151775801640124,-1.8187064015411014,1.7194921733196638,-1.2108916065687771,-0.4605755664742546,-4.538341014603105,0.28906023151093374,-0.7210856873376739,-0.10223466418557733,0.49467120726918345,1.0032907828437507,0.9881796764434504,1.1217993191229352,0.6940672305327695,0.47882391000781277,0.2369046296753219,1.8057495795782574,0.29331618482047384,0.15349128180982008,0.3258448645552399,1
2.4040246570390313,1.1161670154780108,-0.5996884304832462,-1.150470459051879,0.10932698296244958,-0.3190952153965404,-1.920545555402517,-0.3379133110754483,1.1551928402812521,-0.2576804756722366,2.643717247929829,-1.9605009304532377,2.175672067832104,-2.3240098707787626,0.34819685301797904,-0.10685870078910822,-1.7794580373101636,1.9057882343626686,-2.3993525109361107,-1.5331700297014845,2
-1.4501375881295733,0.7752559399192758,2.3170045439958207,-0.8284792916374843,0.5584845207792332,-1.3606926963746873,0.6196514069119095,0.21119418384290167,0.2974486052239491,0.004192326572851068,2.3299425016731585,-1.2095857985883751,2.5323677972631367,-0.4516401473885877,-0.9706677673827739,1.168596592795489,-0.24712698654827026,0.26026272991097116,-0.5325198428282057,0.5413260124757755,1
1.173921944692085,-2.274252585169036,2.7516947431884877,0.021420544992137247,-0.27979216569898413,-1.9602558747956538,1.104972108444294,-0.5466245382063362,0.1372887794876652,-2.9005658015487117,1.515259254693451,-0.48753126861524054,-4.024837797075637,-0.0714124197102986,-0.7740914816197727,-0.12215224609479869,-0.29032040029113215,-1.9405515847036499,3.6168644881230985,0.30685340763263913,0
6.937667476699399,-0.8978233133697486,-1.423372089316862,-3.7639830875680307,2.1524861327973177,0.8947193864470264,-0.10610106340119263,2.180298448888855,2.054322205562732,0.1874916425742884,2.85510754545877,-1.6816638391472034,-6.600203699211787,-3.630411797715584,-0.009197164050925629,-0.4739381960231787,-0.04693792743816938,0.28442374045197166,2.6006869966056287,-2.622878324269708,0
0.1501728094358447,-2.7567648145562735,0.8705326733474669,0.2977239780888049,-0.7634236328562302,-2.5075805159941678,-0.7754713612238728,1.4755056297576492,-0.012836158405151399,0.6595761694280532,-0.9819371601425584,1.5408928871077152,-0.8623954790270515,-0.032565269029303345,0.2518803600928554,1.095639338082413,1.912698910339275,-2.02628351136724,1.216498782363854,-0.2207138351549379,1
-2.0426146165672554,-1.1205821182356328,-0.07944733333961596,3.288270984169201,-0.2367610667849929,-0.30854979357835727,-1.0393220409503483,0.39026788493932685,-1.2774179481323846,-2.6943837668017623,-3.0191269252673405,-0.719821710180667,2.1116611717725466,2.493437228336001,-0.22351105901568988,-0.10351635506286484,2.565417101866022,3.10338440576487,0.16909350128528433,3.796539712751907,0
-3.2729672048653855,-0.15168719973965,1.80478161057054,1.5388545692361801,1.8399109991688833,1.1252266060381557,0.9063881822754163,0.08391241074713196,-3.0981471545207797,-2.807962972839674,-0.8721056236789799,0.5951079269989326,-0.4676077470635625,-0.06348256644634381,0.8645406694634493,1.1407914475545387,0.11863128834261233,0.3349835554979247,1.5103301897887444,1.2876495938414532,0
-2.684244716016536,-1.036711991113968,1.6734837088675847,1.9806397973752996,0.3949217672080263,-2.214884149304413,-1.644631551427605,-1.5822041778250244,-0.4161452165117274,-0.6377225883803375,-1.5520909492017676,2.499384467670055,4.3457602782090285,-3.2980730616489224,-0.9014797888584318,-1.5197678828100394,-0.41116483460869485,1.2999189780618117,-0.6354373161199594,-1.2462859848894292,0
-0.11060924015669431,-0.29344233798513963,-1.3045294272461125,2.923521643112566,-1.4296146739194613,0.09155120587776487,-3.7023967745637134,0.429242944242925,-1.1657706171669668,-1.0091473417182186,-2.630434636315851,0.5065384245977618,2.9077358289592516,0.19923626378995474,0.7907440072398346,-2.318200090748849,0.6430889738455298,-1.952433108205158,-1.1317381803318531,1.3340645603854104,0
2.165993339725181,1.3421659390827478,0.7766505090397392,-0.14538734880354892,-0.17486163567668153,-2.571970292782292,-3.0800892924127945,0.8296891678466527,0.7197765194776986,-1.643191935716065,2.7526120501830946,-2.6533282967354435,2.3585316573885056,5.2189941817669405,0.3497852675752838,-0.2042404896651718,1.2846616871045187,2.2204806215211894,-0.8946335760557755,5.071019660019736,1
-3.9134174055820377,-0.28863099505454626,3.9226357023561405,0.2331433629522882,1.074848721680636,3.803260043895395,4.277962966746995,3.828273294919919,-2.4266179602311997,-0.9701191518582621,1.7054959287344464,-2.9600414392186187,-3.316514635039886,-3.3410291913491696,1.1017204865890793,-0.6985530493827176,-1.4755024970428243,0.4870171564202809,3.3636212531960727,-1.1139442532293098,1
3.8259782601463916,1.1398189840605761,-2.579292788676196,-2.4847775992881367,-0.61177365396552,4.031471315688453,0.6968052985705945,1.8370018364456584,-1.4793077461833894,-2.054546440890944,0.04770159547715339,-0.0845125637729951,-7.282037767498789,0.4045207762655832,0.8007601833715027,-1.4495235207054613,1.8576561369298208,-0.9086158879680972,3.3183756230024923,1.5221168791406938,2
3.1070204999385225,2.8447362556346043,0.6552323642425367,-1.339703070628147,0.9665404149994133,-1.129682368998031,-2.577855695527586,-0.2955818542003976,0.25602474490187466,-2.532090793479409,2.6562206645605917,-1.869299911161099,2.209074222507027,0.5323443756066659,-0.7351623100669669,1.4235909510202784,1.2773587633429495,1.9420780101652007,1.006719656099774,4.368896341099916,0
-3.0764798419601447,-1.3987139520345266,2.9870528978318265,0.8460825437430894,0.07239664781829855,0.070192686640202,1.2294956565698336,-0.2174698760092197,1.7806249559172147,-3.4495856541242467,0.7116785322255959,1.148920072268785,-2.3827932706693447,-0.7036008754191742,-0.059226168670772995,2.518714099294463,-1.2560636394730433,-0.07328787900357472,1.6476761732919343,-0.6757666746007532,0
3.1489227171662884,-0.02723802271383735,0.33723529764283744,-0.6825857334077594,0.4569561821721157,-0.6884123094102276,0.8751333818664052,-1.2640656071609355,1.7859438482695906,-1.0503764009040344,1.6224638948172319,-1.0516062243904436,-4.444930596839781,3.6544652147134253,0.376202317860116,2.1520733558620604,-0.6884317786725799,0.5345075482067122,2.487852112688639,1.6682367411021413,2
1.1541351852278305,0.049155626398582675,-2.2107196225594365,0.43261093248301286,-1.088354451073005,1.1011573504027878,-1.5975653672020478,0.0661655863232481,0.46536292373182886,-1.5639891351303659,-0.34591862222409603,-0.9160766885861484,0.1246753815216465,0.6052310624417057,-0.4011203061709095,-0.0017690228592416313,-0.05354288607794355,2.071132593760768,-2.108315944420048,0.01773723531293393,1
-2.708222091404119,1.2982673005867287,2.227020141480293,1.0287020337447323,1.9440486756879016,-1.0428504177792854,-0.04342898595775452,-1.1816296512547328,0.09313295739232577,-1.7830470768165552,-0.5155332428799011,0.23005518890118803,4.427399789452566,-1.2736298286030294,0.7396229667440826,-0.04465130112862316,1.271616927921882,-0.0948269890469991,0.9401564766736927,2.7807053095414935,2
-3.4113782367300938,0.34683157396684683,4.769383350980951,-0.4645376154709696,-1.3177985324194006,-2.9611119441301694,1.4079810144421876,-0.18197280620937978,0.5292100439110343,1.0755118604029001,2.4211052763976193,-0.23812074682654671,4.291150992925786,-2.2566783382951354,-0.6039225937437165,0.6728948662991454,-0.6066776603966668,-0.3348507296111789,0.514040537727875,-0.13774452953959065,1
2.2868298529625273,-4.392362805005378,4.286858945090907,0.24241890185734216,0.6844227200437256,-5.5165690503524925,0.03714328718270732,-1.1119023822218574,1.0721858374302682,-0.8752277787058567,3.497849780130035,-1.7967335598689271,-1.056734193544819,-3.4994983778068693,-1.0758659254889664,0.6601315794508399,-2.7692752462125814,1.2565166360057005,1.6353139341115432,-3.7263383334749673,1
3.538245600655378,-3.0882483293807224,0.18211942944591297,1.0049542714096966,1.418867589802212,-5.469778218634121,-2.424686132411916,-0.9857380337966855,0.1914561361499349,1.539441931595951,-1.031227899287762,-0.27821640984246265,2.954433308026079,-1.700341057691296,-0.17468191658949636,-1.3042886623027445,1.6641795106993147,2.1579716860282594,0.45767165669586574,-0.3349919851256264,1
0.3948032619670432,-0.5726638367933437,1.031616375031871,0.9522442173862615,0.12258106868047293,-1.1706121952300195,0.6088556883908285,-0.6053892176395386,-1.411575685125063,0.5259069621625093,-1.0517813339348046,0.00336896013094673,-0.1279137356718476,0.2610403809173605,-2.2850201039320615,0.12550887448218748,0.737130362868163,-0.9490402912155661,2.50202262354043,1.3140987839999096,1
-6.322736079854454,2.159949922443394,1.4684977147226106,1.3758732989973383,0.9156646964840696,1.7014126066776722,-0.8028005537183118,2.460590409425404,1.160498489410031,1.4078236165138562,-2.449668173985133,3.877644137837035,3.2242619011507676,1.764350807195361,-0.01706068714046477,0.6695342435560055,1.740083769135857,0.19010629284927913,0.07833227457630915,2.7378812181231473,0
4.6288055956042955,3.2860990396046046,1.4240358406378426,0.5423374994185143,-0.746631839036923,-4.836497069497394,-3.6579863618348316,-1.7087428314772821,-0.8044767380716004,0.8405862403862809,0.9172527177134058,-2.7891614441834602,7.1970256858452135,2.36884738761096,-0.7635405870758643,-0.8186117520503523,3.0034338236505818,0.09840166681486873,2.603532781272211,7.91981000511781,2
0.0766112772858119,2.2965226265326812,-0.2059730115836813,-0.9787070075287989,0.11762398407484267,0.5006361225960833,2.7355794831602265,-2.770406145102129,-1.162895316247801,-1.2925022738880008,-0.6275175467401132,-0.7829908910761805,1.005313183825904,0.16872549650997126,0.9618958986902391,1.4902968916692982,2.0596744607815816,-0.13746376973901273,1.9827110285359513,3.3398656969389102,2
-2.8570785149611786,0.8780086777093232,5.464045127469017,0.6376299436731374,0.3197835405596717,0.3274828184605551,0.14548760372143676,2.7092897663040296,-1.0053349058597516,1.6731490158479334,2.935832672486856,0.3857036441040096,-0.9414593597361848,-0.9160846773830476,-0.9539161419959209,0.8463352179958837,-3.5398381128016627,1.3718725864957029,3.0663834714695595,-0.7687097443913766,2
-3.5567383084837925,1.878398718918784,2.9634198462195886,-0.004550257913671696,-0.40673138151517996,-2.5507883475068764,0.7590161424355779,-0.6132402137303335,0.670957572095812,2.103379976734374,-0.4051449265310876,1.3726273183009592,5.917277405115333,0.17293974612695573,-0.23603757155354116,-0.16364583881502875,2.175119354509473,-0.021526145688816417,0.964356072976305,3.165204220932609,1
-1.927446136814906,1.8323084701742647,1.4239168764564722,-2.522663743634826,-0.4359169334535281,0.21467875462609742,0.6364197449644808,1.1686097190042743,0.3751900169422932,1.4034279765807924,3.4343146675772114,0.26848988648715294,0.965069395263522,0.26253167664656124,-1.3899517473838237,-0.5209323602817835,-1.3860035107461026,1.3042551998259626,-2.1405534728932145,-1.2087435583624506,1
-2.6707096359398173,1.4510290594307713,-1.8649971987501601,0.24594292471877177,1.123898866891339,1.921122949650107,0.21668248461483408,-0.9983332574729733,-2.447838883399216,1.8986405123492875,-1.6485784192785808,0.7839110868851642,4.842615799750949,-3.8401638872906494,0.33159995427906114,0.07028706708913407,-0.9311784065894664,0.36251622528176697,-3.8179587357392544,-2.875028629358289,1
1.3651212370588,-0.2866527157368327,2.6064141108535384,-4.219849318693981,3.0675021115866503,-5.765699725865054,-0.7872179376221973,-0.8639927378748669,-0.09683190004017382,-0.27830578432208575,5.437369293426025,0.52072967158431,2.080182921352225,-0.03980952449052633,0.09330264256756057,0.18009153881108567,0.5416899939756065,1.0055588470061783,-1.9039520133403784,-0.5662579803454134,1
0.7320881122274443,3.5462708065025144,-4.138983885396243,0.1702278791518922,0.424359439923299,2.7642465065727864,-1.767088220095531,0.6835303107683752,-0.2440473728804066,2.5787185497168648,-3.747815052507273,-0.27671081172469536,5.8976632764194985,-2.2309993221523605,-0.06545397842217143,0.43777146130347266,3.4362595232218873,1.1628776937471557,-1.4459318378400503,2.5685334669655333,0
1.6244425374724067,-2.8686872406496025,2.9969457949468548,-0.5048218731262512,0.650231509449546,-6.86650815081963,-0.0682157954820814,-2.970377590481713,-0.875091755375022,1.8640304540668398,1.8353442276721545,0.8574888672687375,2.195461651673064,-1.9362470800267233,1.6708505294436606,-0.98124594860067,-1.05092667604492,2.2048507220781515,0.421315504444278,-2.558226598776999,1
-2.005300747436884,0.6645667145343019,3.7393859276127985,1.715007986141517,-0.2764512536598367,-3.2059480799406854,-1.1880149148927734,-2.605362546984692,0.23847015891454734,-1.0521770973902975,1.2271359188822906,-0.0392024347537312,5.669474771165448,-2.028424960394589,2.095690329960366,-0.444691133350475,-1.827726589427085,-0.4583555927457061,0.07596873594391262,0.6139279724899092,0
-6.598426926131797,2.3381603105198048,3.507412269302827,0.6199301152040151,0.16948104742061337,-2.6636287835724595,-0.542922054755137,-1.131495078588515,0.6375801377818118,0.7889966710298293,-0.11428442829145857,2.035700349120385,10.319415467011465,-2.2894578011781626,0.9579268653362378,-2.2569653844766964,1.1898745135793667,-0.5028928587633323,-2.2957303827375193,1.7460206159802292,1
7.111984239998528,-0.7049354950921405,-1.2147578925854015,-2.1270825707728314,-0.2235917799038682,-1.3604342270859795,-1.0680984605650472,-0.5602633512412097,0.6826368812128897,0.7885721146521358,2.1221335278657825,-1.9432238900362226,-2.663976480423227,-3.2089079310181012,2.9029416285053427,0.5148752363294603,-0.7950428823879515,1.6859365539573317,1.6373583315805682,-2.039646733845394,0
-3.0338958358781563,2.451651607429256,4.075208498225075,1.653363988094819,-0.9972512344570928,-3.4472003996687106,-2.1297530772902986,-3.717730004548313,1.9849209941538246,-2.853320848110779,0.3396063381020544,0.8633866010697824,9.670354748123467,-4.58244183814594,-0.15772244506990082,0.4667492341202872,0.15745023544365688,0.8059371244868505,0.4804481087943503,2.8354658438694886,2
1.9526388667464971,-0.5173189832363181,-1.390016729230672,0.30083428791856043,0.7821330142039432,1.3453932497436467,0.6515775654426992,-0.1430703863987775,-1.0879223785936563,0.05625086756770348,-1.3090466792905764,-0.47583847566123605,-2.6105438077752203,-0.693708328257317,-0.5248354791007701,-1.2821138111330639,0.1506160818631011,-0.7341591723709455,1.6428976670577011,-0.3613602998837267,0
1.6110994503978102,-1.2721258204048695,-0.25265392024697686,-0.003666275411170594,-0.7491526548670611,-1.5801229562969938,0.69470395039181,-0.3754024300609072,0.30871839419384045,-1.298507726209158,-1.0991152365065813,-1.3916951397194528,0.2785508308419517,-0.5251473127233035,-0.20990779110796134,0.8705355430382522,3.112135396597618,0.3518154509138963,1.7161683551780087,2.112876329985372,0
2.885380664597175,0.5322247817472892,-1.6716934007748487,-0.9399720921212142,-1.2359163752366034,2.127603118520221,1.0814719793015604,0.8309626576850537,0.2419691680554044,1.0891388782369906,0.21573301282332383,-1.1223862211851166,-4.620393479466252,2.0701243206771376,-1.4306525137212387,-0.8773510038092717,-0.26325486284687216,0.8484960689000609,1.6461448052766678,0.3408565664336726,2
-0.5000037566809015,0.4197383703192844,1.1859833394109363,0.9250093069692449,-0.543583940093733,-3.4959541595551347,-0.05285074755533559,-3.0635850949277934,-0.572689190427965,0.8710442881103522,0.07176920188805692,-1.336530419915505,6.572591298234819,-1.102315223989299,1.2107777468234946,-0.8996776822830035,0.044171197828487274,2.184810310984808,-1.4063462108265201,0.8076459252467447,1
3.9817503595891846,3.80279524868496,-1.313720126832575,0.1000745000462393,-0.7659040109460482,0.6791053413062054,-4.47797799552659,-0.5056376801195145,-1.4743508560246943,1.297309584910985,1.4385277224090978,-1.2704837216259173,3.6709782441144956,-1.1047684854494224,0.06988799586940828,0.22735992012082787,-2.13779209736089,1.1747976933816309,-0.9598174039731706,1.0100166433540676,0
3.0418487759755592,-0.5051039548364468,-1.2829073313059518,-0.8805130475525209,1.059638220644354,0.07610899284116426,0.3326314455735174,1.4399363060435504,0.62400913211282,2.8940038636953496,-0.3200655006509298,-0.39433252781335937,-3.0848790544902953,1.7096982028256251,-0.2516894907690534,0.2922960126139994,0.8420624768518148,0.2684125798529064,1.5860769173045064,0.13714423514548138,2
4.018795653108609,-0.3117610548457729,-2.043799455883257,-0.2542219064659189,-0.032442661893587,0.5085322231308189,0.315159091863615,-0.9250275182018701,-0.544081311017581,0.3933819595654506,-0.2147187535055765,-1.3253338856537114,-3.366125543022511,1.5134292711948834,0.7613423567935125,1.5800187623238664,-0.3868951304082481,1.2326475043818441,1.121629841647422,0.04936440755857987,2
-4.8601541564130954,0.9224506339228742,5.38070103405223,-0.48957096342473305,0.015579013809551462,-4.715902884685775,2.192050437243642,-3.0591619938285834,-1.096652445601016,0.2435788883330724,2.88976694594907,-0.1947754601251539,7.430459128226437,-1.677595174748782,0.12554527929976342,0.24543272422378476,-0.8395196064752537,-0.1815589215952325,-1.1406614011809886,0.35244921297535414,0
3.2382941483161543,-1.7930333578450293,1.3435796436047756,0.6117162587252767,1.0621913076271912,-4.254481909500533,-2.1983410597612805,-1.2652762848302048,-0.8059868968101835,-0.8809455750130113,0.556599621865327,-0.20136865383091745,0.7476184785394749,-0.5491094762430055,-0.5292357005230119,-1.6721855090761322,0.549037724917846,0.06862819993275557,1.791565925538336,0.875971006657843,0
-1.5626175599080596,2.342236808883163,-3.8864861592144426,0.05893070845811388,1.9816014026513504,11.473151607343192,0.1549797392165701,5.051179144977871,0.6990808867441777,-4.112624423942345,-0.25895004818104117,-0.2133481387516003,-9.983318739464163,2.5587079978429634,-1.002564849997556,1.744209822592061,-2.6598134477436073,1.359995270562447,-0.624300593659121,-0.8918413541988218,2
2.9199583317998803,-0.007331053019760281,1.372403791288746,0.31186221516523044,0.9194424164250404,-3.6536804643442578,-1.8775344633022526,-1.779201674644713,0.32145878589092547,-0.9877121143077279,0.8396380338538634,-1.2600805707250908,3.111999246689785,-1.4206765279537545,1.3750544911647091,1.106092522853374,0.8982058532861059,-1.1376446042692774,1.5871304879817503,2.0990575924575303,0
-0.2957925644592096,1.7943258062478353,-0.061871197765196895,0.9634415171481381,-0.48959488244877264,0.106423853737172,-2.505395999356504,1.8913457119525687,0.8936480961224382,2.673482715876,-1.5675970526881855,0.9810821538733356,3.400724487317505,0.44911849952217414,0.5050626662835505,1.529668274287631,1.5118569555883647,0.9779352082870972,0.6177914777543521,2.4754400262480414,0
-4.255773009837615,-0.8610622049574075,-2.3380615058135152,0.2619110427263299,1.2837191877332192,5.008741222934237,3.5569399415718235,-0.7254386623399801,-0.24715165741179193,-0.3309489911315183,-3.358870848642945,4.205050946152135,-5.516146320697129,-0.23177655099338712,0.8805796708543512,-0.8816738583581837,-1.414181053179103,0.3499319947444421,-0.7038861219776598,-4.0867565396441945,2
-5.917988081155664,1.8572828914734627,-0.4389330621062407,0.8213911028540983,0.5341281187946741,4.512894379987486,3.712130361937585,-0.9626507458714764,-0.16589268284638348,0.38704507405788197,-2.3892745875454295,1.769424727141144,0.24392862729556022,-0.47827491298039726,0.4434056875422199,0.21541140273012366,-1.130383476309322,0.799910952490804,-0.8964586025438241,-1.1161887195646956,1
2.4771693601003126,-0.3171876528357487,1.4965992973306346,-0.61162270921629,0.0758229309804383,-4.870190507158819,-1.7444955534342024,-2.260685007019113,0.46309693066377544,0.6093715427430642,2.1798462888152095,-1.4166874706674868,5.25188079187075,-3.0152622475128803,-0.9445767199209086,-1.7690877320358567,-0.376034430982754,0.6558839906913896,-1.0483675007615825,-0.6187852884765673,0
1.708640782294099,1.5810017313769114,0.31583053046896964,-2.6605409024916518,-0.5760059204952394,-2.10010473165555,-1.7919895932118608,-1.995826776099595,0.7983132369011378,-2.3090816229141478,1.8979187167460483,1.6266321465412172,2.496115599385095,-3.196055671847695,0.04853913982263525,-0.1493467286627817,1.269175157722666,1.0841165459049067,-0.24073928365644665,0.6094962354468942,1
-0.08113511025550492,0.1755013577871094,0.5763443436175355,-0.7969043287613031,-0.4777894040635778,4.3633987098922455,4.075236512504235,0.4214388841762833,-0.3071921093803557,-2.4217084420662838,0.16602476401738317,-0.6005613822881513,-7.353888490182026,-1.52827150910238,-0.03260376040084858,0.3021502374318582,-0.9180039876005761,-1.1136866219055395,4.501159037859207,-0.5714132018052385,0
1.3077286107875477,0.7703498545397116,-0.8720087612377534,-1.3731495395583682,-1.4780690905925407,0.4704183086036654,-0.8310909269699762,1.0632541370352966,-2.1696480821845556,2.477793292574594,1.1887416907562933,0.051014923147018665,0.1608868362498789,-0.9877534515798658,1.1599624668414104,0.2429439123508158,-1.0538401704576934,0.413481615879562,-1.3615569426440468,-1.935951617547491,1
0.4216651286211119,1.7968235090395417,1.480542859262209,0.7489870088487101,0.3815515758892609,-2.532881509204593,0.15589351077581692,-2.16055756096085,0.20273168823968934,1.7719665417785895,1.0328215532533445,-1.2587547245682917,2.692454731176325,4.961650579250697,0.8039292795848746,0.07796847219394218,-0.5697034686217864,0.07087187047536225,0.47846205531530667,3.550771527837411,0
-4.3760449378840045,0.4209736665978534,-2.3236805787722936,-0.9556337540476201,1.2620904960258454,9.79097436110908,4.878602017715993,2.444287239617864,0.2599553065442319,-0.5843243101544944,-0.6643061994687498,2.5485650270830646,-11.288681138634763,0.9707606073738744,-1.8615435281616473,-0.03218056512901509,-4.350268326236675,-0.08974533601511399,-0.3566807337319464,-5.5720181179933,2
5.251782133701166,0.9187005291040626,1.1492301059073748,1.0806899531436787,-1.50790236336102,-6.234531626022096,-3.0985463907064617,-2.891199160860484,1.2275795050671234,0.8765072387904904,0.9263107125750986,-3.1082769464157014,6.0417661559294435,2.421010229808859,0.7914859272852282,-0.42074514889806713,1.730618848371527,1.511353147977536,1.5463007199915135,5.460513607771644,2
5.301625169672376,3.3781636064104674,-6.10043537368325,-1.0065288748043284,0.12129183090008201,4.369081848156118,-2.3290862713963336,-0.34858900314142915,0.23463799594133422,-3.1650672734286647,0.048240275627636366,-3.750188388213262,-0.6797460377196651,2.1019890726172985,2.617273338971958,-0.44547088676687246,1.0055318386519072,-1.4914267376560257,-2.6567154847162926,2.989975792431798,0
-1.37777589904428,-0.4273327131124609,-1.7797879999747908,0.09636481650206336,0.6372180913553204,5.990004131741005,2.444097108350748,1.7553738930048186,1.9914127606138468,-1.4204879918017495,-1.1121721808163412,1.5626871312350903,-9.16625304667417,2.49094642734084,1.1221588504151059,0.8119838526340167,-1.9588075776433707,0.266085421067041,1.3092910854727366,-1.9431907626867042,2
7.167774421268736,0.4977432623953355,-2.3675770690140108,-2.217505119860531,1.128832746943447,0.6451077486143155,-2.7196532673052918,0.3401288018269365,0.2099792807577828,3.0331999835050225,0.976138957405237,1.8021213821339996,-4.939889491100863,-2.4307611275254524,-1.1244034957402724,0.05083852660983912,-2.0287933307378356,-1.7517559167898828,2.1401633500804538,-3.179587457149921,0
1.7710985414883085,1.9241880398946074,0.24626718969425504,-0.4532693369574031,-0.12245281353774572,-1.134600430383203,-1.379244367864695,-0.5751004268619483,1.0777374176922063,0.7324648258903594,0.8891853775139403,-0.6673652646432425,2.3390546531475063,0.7447923622152168,0.32870639862509166,-0.1814742023560683,0.48544016227850495,0.9520165453293079,0.5114195668578657,2.3340520829691958,0
6.54232441786501,-1.441854519702112,3.9821288212147437,-3.160276434640645,-0.1972900891200689,-6.1630606224837505,2.3325756870648173,-1.7869704425222983,-0.4953032426034153,-0.9265661191011239,5.959047397163234,-4.3207175950129955,-4.062237734176629,2.60162376330082,0.2305980188939099,-2.524221680321121,0.38085556903571993,0.37788228228123144,5.04686321194926,2.6565084348034085,0
-1.2779849975451842,-1.67801538811241,2.5285978648271223,1.9475735236172793,-0.32097516939919124,-1.8246338460294553,-0.8086493713164007,-0.10277416700960368,-0.434743063192325,2.457307645411098,-0.007286446654678608,1.0444208431900004,1.5200644830534311,-2.7687944966543636,-0.21087275318943097,-0.4351787726987831,-3.0880835213868822,-0.36696159452816834,0.3442212680906205,-3.435806905232564,2
0.6357889520543334,-0.917839429412248,0.08150170266191814,0.4385233516403968,-0.5043199689792308,1.142926353129994,-0.18896156660010072,0.7421633593191883,1.2207526032547376,-0.9482630433683692,0.2549494685229046,-0.032754928953445894,-3.0886586055409277,-0.4446558690262918,0.22753895389624126,-1.0580352588581445,-1.3606775417773442,-1.4446591716832917,0.8909316842031756,-1.3100391656258321,0
3.9262835257597994,-3.762674846517437,0.4369936914472214,0.21738805174748593,0.1659181710960416,-2.7689657338285976,-0.07994333272567794,0.5485420901898348,-0.46609040423510983,5.403007414318932,1.3092103171880907,-0.6138081058087341,-3.557876618099044,-0.593843291621783,1.3686507868999138,0.19698604998941163,-3.8317290691981034,-0.014381681509604524,0.34817340787233314,-5.800279225218888,2
1.7023031422958823,0.030539261296093412,-1.2584239611907924,0.12171599727372118,1.001383145660648,0.04028185313897145,0.4751546119312341,0.156322998107837,-0.07860980175325702,0.2564650145610152,-0.7667074939412597,-1.719371041624056,-0.5058567964205604,2.1959866518686466,-0.31136924127099364,-0.2539283100109162,1.6784465422231918,0.3153314706444249,0.6230637218123724,2.1834142680497175,0
7.055913554061495,-0.891487075696202,-0.5390626734314719,-3.71067215569364,-1.477349208854877,-3.4522019949343656,2.077085846049589,-2.518326950908989,-0.35549166291420126,2.567996599134538,3.3739661724824486,-3.8212501020128196,-0.3213454129088165,-4.5836926071861495,-1.1813549645828454,0.56819431730479,-0.5276036135595956,-0.1972506403523,0.7570000866166017,-3.1032895098445272,0
1.1491809030987272,0.5141208485121936,1.7753683132592122,0.02142408483098701,-0.6166726850782285,-3.224138241031446,-1.9501094523401,-0.9064494653461095,-0.3351075453280277,0.7215721892348892,2.808431730889166,-1.8175417678695487,4.242920439519008,-0.2939285475419532,-1.3967306732281268,0.0231430125659436,-1.6666603336954524,-1.1195583744715536,-1.6577538129250304,-0.029090859249151224,2
2.4264471276032182,-0.3189134710771613,0.8807486991540888,-0.46166034549019097,-0.14695677543719574,-2.331095905591958,0.2485210407943571,-1.274526329217199,-0.051515334704473136,0.1766768412542925,0.7871158917093325,-1.1555246910841825,0.4436792612174997,-0.6084822349596315,-0.3610205176022864,-2.5274493700576737,0.5716672488902672,0.8073904106539035,1.7793742992435595,0.9304252860614748,0
-2.7541401183303114,0.06982274541498323,2.1560225576939303,0.6158339472457184,-1.6461963003787083,-1.9143853122189212,-0.5427430146066838,-1.0244046555383428,-0.16290915628598213,-0.9820573196515946,1.655886271894408,-0.9821289562519984,5.421710299053683,-2.3621518693699555,0.022099323550935804,0.12952207826988577,-1.3989307618547033,-1.239023260309863,-2.8296470589309584,-1.1198138035504919,1
3.9523939823943337,-5.834556031821175,3.312577493126096,1.9737050341643527,0.8287049876070091,-12.5510359325718,-1.4382490892371838,-6.223501082690955,-0.2642046303331693,3.2060651956668345,1.898691760112076,-1.339588740051583,5.754516610462811,0.42578699262085895,0.14222520069638298,0.9370267314088444,-2.541503085264712,1.6529956688486502,-1.789361481321571,-3.280443547502167,2
-0.16636068026456066,1.8544631627467567,-0.9271344377390383,2.4957388230462807,0.5726153920568272,-0.567076540423856,-2.6159225356452587,-0.34658241248269794,0.06846306437172905,0.7937654654236328,-1.8637123550621641,-1.6037007618792722,6.249083105407913,1.9016450701908876,-0.12028871150379633,0.4534284892223496,1.266059447474189,0.990799500125363,-1.487546648984033,3.8102353894471306,1
-0.15094429818902352,2.2158417292831745,-2.120946520506732,0.3274821313046248,0.3399703595692396,5.900419866309037,-1.0150321855794693,2.4221205678417235,0.7262722258771492,-1.7292300156452434,0.5090008759870555,-1.702847956374825,-2.1679253682553075,-0.4478415694308647,0.10732488313411907,-1.0139041329929706,-2.1622935458779198,-0.33247325251159277,-1.4785432092915687,-0.6618480842766319,2
-3.5814369992271096,1.4391774189491273,2.0630763016240548,-1.3432796500779807,1.3494425056388255,-0.28412517340741605,1.8147696572730805,-0.16740790029543717,1.7157000928806039,-0.08190007272167332,1.1623211932981492,0.7927585672585193,2.5118069244077104,-0.856596141440725,0.2748134611974878,-0.7786899631250612,0.6721930431732142,-0.37357436365296853,-0.4382180412599781,0.5983559083909138,1
0.8921206374831792,-2.5113773124295005,-0.11282018593533805,-0.20172500303146712,0.9194291158384525,0.13262356951191528,0.8984311011429789,0.26061424570705793,-0.602258177282046,-1.998520384519936,2.781693852364829,-3.041365578496865,-3.1656638559861663,0.30498088119639444,1.8563277133624867,0.7551027307933962,-2.984914311185951,1.4646672588818006,-2.558812579612773,-3.560815365776618,1
2.793242093287426,0.054896237331957476,0.9852430858408655,-1.1367206301468105,0.04984925184290562,-1.778736172933098,0.24969687703946264,-1.0909737976533935,0.03527219264530364,0.3590188886178357,1.5979194056943236,-0.7466788733768193,-0.7492168411407603,-0.9871936934229844,1.0104418828265365,-0.27761869913651793,-0.31262213427410346,0.8590014329706827,1.9603038593484816,0.09044563207940198,0
0.49578209911184956,1.4026298443647225,-0.582250133245469,-0.2447696964692978,0.7445296083014027,-1.8445587578032379,-2.8289973406618536,-0.6421001561528088,2.565841659244398,3.1000544902511074,0.20891399113323422,0.9059602095459027,5.939988208536907,-2.1112019505730415,-0.06616155380558271,0.018539945289034115,-0.5759034627909883,-0.19966367418641565,-2.9144987028025913,-1.1934788031398975,0
1.6160803218296935,-1.8199333704666834,1.886778860893473,-2.1631489793971195,0.20742058496143312,-1.490182576063419,-1.642507316263636,3.3701126887921533,0.5216746491717466,0.24477886416181127,3.456369018980551,1.8524346569119672,-5.623030134750344,1.8135857950652354,-0.9704165795625277,-1.8420311772390687,-0.9243739656860464,1.2004904567737311,1.1382617951170724,-1.6417946738745182,1
3.4527140448587863,-3.906881092781704,3.16177174898518,0.33239778386236796,-2.0604769289335,-6.93371245270865,-1.3696895800917062,-2.798196036572794,0.7319641373943171,-0.9842878162566202,3.3271634833097976,-1.1826048409399403,0.16907274333297972,-0.902138569688202,0.7279413890322501,-0.3276186660655158,-2.507255083241339,1.5348098061038578,0.2996908786116055,-2.497174577245944,0
3.31393072813839,-0.6026181211416858,-0.9174611517802826,-0.6925946352335921,-0.2530073476011097,-0.0847946129661451,0.5235869978606797,-0.11209237773351016,-1.7428879738170595,-0.11080822109531041,0.917686619189096,-1.8107577987981793,-3.1988058525850036,1.5485206588866718,0.4633561570182974,-0.6074408952832138,-0.17885852162604943,0.17949336279124653,1.0124074908284084,0.22144389610796666,2
1.084082729816353,-2.9803655449794917,-1.3706193509474447,-0.13116745575805733,-0.01119917145977023,0.2701904859149396,-2.668194120206472,4.619766106526768,-0.38867839345363986,0.2547355123842663,-1.0246643284064467,2.278037356992382,-4.751724983330234,1.8347211059268882,-0.3355558931513027,-1.237699814640416,1.7930062318249331,-0.11398018998202876,0.07101984046833443,-0.941438604026808,1
-4.339846954509334,4.2038295298505055,0.14991354620028768,-0.8517378811016276,-0.82091315817284,5.222147442056182,1.5379572142100697,1.7724577553378893,-0.4417467234969245,-1.6376726431592687,1.895312909389064,-0.3606005659159506,-1.6100196032761467,5.054541615737633,-0.377013282986791,1.1585434512677808,-1.3069497790848539,-0.80317994579797,-1.575419804029707,2.6265676131367353,1
2.185692290799625,2.1527905579608437,1.3376168132414437,-0.3782770104218576,-1.138854967307,-3.4349547386349033,-4.001565561756843,-1.166290342434689,-1.970911088659686,-1.3790960301718969,1.2823903700921615,-0.07552384510718618,6.006479181712453,-1.7424332647949412,0.3216893700802989,0.47438303898169265,1.8056348966738183,0.9149082035567687,0.549534292250982,3.6756695520453215,2
2.9251742633103928,2.4443425284756164,-0.9079658990207582,-0.48828677896548955,0.8168979113065605,0.6881639453462203,-2.518272207609246,-0.140657471489407,0.3113523830140507,-0.09975261383905976,1.3762110945863848,-1.0006148657255012,0.9807727568900159,0.07350922989693937,-1.3065326416622,-2.1318067842521535,-0.9386611475343576,-0.5602216277648677,-0.18717717844874993,1.2532417049926585,0
-0.7971013937918123,2.001059770400811,-1.2652826338777392,1.9962099360898913,0.5142795326684824,1.4885987227709474,-1.3243514991141518,-1.6655919746030636,0.8063601006208263,-0.9150896349675137,-1.2398788398581526,-1.4632815848667344,4.706850266997042,-1.1911444821086945,-1.5660306160166126,-0.518867167953021,-1.0038453626106614,2.585790627217978,-2.1560364811432127,0.8104199026358976,1
0.8809783836788712,-0.583234945705852,1.607157341982157,-0.10777106271972015,-1.1822464019884,-4.630760769896571,0.8094745313167258,-2.046954123048476,-0.7389510239018741,1.0888739779739336,1.6594487526805528,-3.616291238792699,5.840463498320064,-0.7666803258679055,0.09877943755105899,0.39849877872840567,0.7219148716501042,-0.2572160368446954,-1.3704534870869893,0.8567309139542933,0
0.9678032041796388,0.41842616476252836,-3.775608321898172,-0.0616001703062079,-0.5375840551879599,4.335694427162226,1.0740805963748026,1.2859313889320414,0.7984770104452468,-1.8456262959667293,-1.3514623274445747,-1.7091154056692932,-4.384734443101787,3.6397957114862463,0.5804197564673585,0.8245151560185962,1.1243366644909671,0.8805628943076674,-0.7781107484261769,1.4679736166068877,1
-0.6634588758340567,0.2144056482266588,1.7857074426428272,0.6340500988252766,-0.688964755853499,-3.0789676653319877,1.4232942731188163,-3.653971509013176,0.6687277509012798,1.001164398408502,-0.3915036039237647,1.2160605217118046,1.6088131116284288,2.1279061729467923,-0.7863361038772816,-0.3425545187493689,-0.2451320015194579,-0.37221850964679243,1.46287295743035,1.4797771884220132,2
2.0821551436834516,-4.5790469768560795,-0.8079537973870496,3.9030583184723553,-1.7929505772841936,-7.22909809577234,-3.9503517364517156,-4.473283845146644,0.36101400468125744,2.2298465578297315,-4.727091130104347,2.6051884824873426,7.081353307426189,-4.187471899616326,-1.0691176606988213,0.4676162799442456,0.6732600038785383,-0.4380185617930879,-1.4163044736753243,-2.7948128775208825,2
2.253157143651364,0.8617994767576995,-1.4446272250599856,-0.3264641483011681,0.6819538813098218,-3.7880171454071805,-1.987558277980647,-3.781202723892235,0.2774532576559205,-1.6885085928213925,-1.4077431566404728,-0.3864977510465496,7.401195294189927,-2.801220184770772,1.1805262912317216,-0.8071133415620749,3.7881529571081973,-0.7284740158847517,-1.23882166857168,2.8592788886650324,2
1.102031644491702,-0.4713224868655679,0.018065559996268465,1.3012667497857304,-1.7833234851885762,-5.041630318866008,-3.909009722268322,-3.0239766040501057,-0.7929312963688351,-1.2008851484609286,-1.4786601287602261,0.6309569386398426,8.632238615439778,-3.7793766750413575,0.6964764641679814,0.6811469645654931,2.285625958488989,0.7953302717885513,-1.751199449656467,1.2768133313605647,2
0.4504253039526618,-0.6157328392256436,-0.6049938744546435,-1.4438578340901325,0.6966881579538906,0.7795318209453854,1.2470452705988468,-0.6363524030784534,-0.638723320526415,-2.8918391284928426,0.7666462430538665,0.06278109407010202,-2.8824893097386046,-0.7596890835898221,-0.17494736099589125,-0.557129888598408,0.3817329283119851,1.9329566907526607,0.04213920944958871,-0.7403580334298587,1
-3.528999992807059,-2.176941783934171,0.35650858351210213,0.27384016299801994,1.3279594786709628,-1.596082435200667,0.901233230812015,0.8197525033112054,-0.7731004559390707,1.2262082786911321,-2.3999252858295232,2.4160951865732008,2.212839139010593,-1.3139918263190111,0.7371813066985751,0.015404681557600861,2.6562290304933853,0.5469957248776355,-1.0346122282089225,-1.0159455016936951,1
1.617615447178517,1.7788824132203453,2.701742363110901,-3.129003636356864,0.5672564020580001,-2.2306493619030636,1.0426279916819712,-0.7933962534129757,0.2682657095322018,3.533376046330498,4.343251499160097,0.4826746190472597,-0.5289938764383402,-0.07609598717036659,0.2910519010263632,0.6644533843597537,-2.404407409344095,-1.3197408180339942,1.2721690810994786,-1.302600644679211,0
1.9643249812628674,-0.6088265605701271,3.345906867448425,1.833443420567047,0.028060806383912437,-8.964194022445463,-4.315058511601353,-2.951180839348817,0.25138603885751637,2.440938000887926,1.9149367289758483,-1.4064733031390995,9.980887707643442,0.5147179737406837,1.0147850596575199,-1.1836328966144964,-0.4799593741574496,-0.12277952727933832,-1.6746094273626455,1.8345452412664873,1
-3.2205726350685917,-2.3924736871180188,-1.869107403410636,2.1597172784504908,0.6037255754575325,4.893095575672101,4.43836824507794,-1.3759705754559293,-0.4516260887061294,-1.828290604207048,-4.732930369689514,2.859521567096342,-7.691590865491129,0.3143102947522629,2.403181925697177,-1.3033096836080165,-1.1640661103404653,1.1105125515124403,2.135307870093539,-2.8605815173743716,2
-3.734863128418241,1.3096035989606936,1.7283881979068425,1.0008410407744728,-1.6039617514266094,0.6277236441727347,-1.7942655501136882,1.7302552914946965,0.5675933646089623,0.2509130545789474,-0.825302221697168,2.7400696277195222,2.6018368113799606,-0.5276560685856038,-0.9012642255798817,-0.29637189375324985,0.32448246212851917,-0.49611677818152405,0.1596852511501639,1.0733786073181628,0
-5.322078634616989,5.464538024098557,-0.696309468904865,-1.1381771487805,-0.6935685095180287,10.605333609727214,3.2132366710066536,4.994588015615718,-1.24198535994816,-2.471097060087164,0.9290962604807202,-3.135333147712681,-1.5619342005456756,-1.7056756482736324,1.327990588183952,-1.1457382830520515,-0.3750540030860161,-0.3112221186347788,-0.37363811830695626,1.6764695844216277,1
-1.6520630640175122,1.2005895399902284,-2.2808136866899416,1.0879507881820896,-0.9534243008225031,6.472748312761566,1.4902462757955173,0.9089840646846963,-0.18893157166819427,-1.7905168824889435,-2.471431803633837,0.5488621983323826,-4.355274044582761,-0.556529759836949,-1.2799812736257956,0.45190619763333684,-1.0290125764165667,-0.22119221461923189,0.9569759079916771,-0.6277331027160307,2
0.6464231515510012,1.5140175251837031,0.2629179105860875,-0.37522587467747687,-2.4933500484826845,0.548252289279379,-1.3299207196328644,1.2157908988503618,-1.1132566940209931,0.4818315380652748,1.6179737057899681,-0.9294739345384813,0.5229828248946045,1.1150776217303662,0.4539890643795448,-1.372259452409794,-0.8165829247233103,-0.4309599067001535,-0.49928249431028177,0.8688903690398806,1
0.27486829791207534,0.1629323932949186,1.1405659506649284,2.1482186259412788,-1.2515247542153443,-3.1795754120569697,-0.6568122002510551,-5.497611523053103,-1.7922662057838596,-0.8093222819118675,-1.755021164680468,1.1170124455613966,4.9114142317565745,-3.068980487860607,-0.26447378409691047,2.158634915835072,-0.8694522663235578,0.6677815605961868,1.078424621537411,0.26472822946147384,2
-1.3889268281975369,-1.5323792588863074,2.033504188809615,-1.9083980235734976,0.8658615583337871,-2.1092770411481485,-0.837640613345661,1.7893423035556133,0.3256845252108263,-0.1252657921844682,2.5633290953045806,2.2622569262203664,-0.9728827719719264,-0.5199981897385046,1.6790247985038282,1.068687353658907,-0.28934903036753046,-2.3440788973493767,-1.183545710952654,-2.274244516156571,1
-1.9650686438626006,-2.459917054085996,3.0660360499963635,2.4067991453358113,1.7517962170705998,-1.7379805227118976,0.5194361805641607,0.5398433237710161,1.1966177360048202,4.268558872529992,-0.39361273479220904,1.0246683135167658,0.07197868156243528,-1.497409929344368,-1.1286963336068758,0.8226153699736483,-3.5778849266791437,0.564301351141907,1.103671266105303,-3.992625026416873,2
1.139672499788041,0.7558471987789392,-0.2986401121963813,1.1358555687359193,0.698164421750891,-0.7636482249775284,-2.950416782055182,-0.5416013794843995,0.6837091504024939,-2.4290990487172417,-0.3920207184984181,-0.6252144510201962,2.986127365481931,-0.5412687304002072,-0.3781936851072912,-0.3051622999429823,0.9708445402830794,0.480882653933827,-0.24821891788086614,2.3907584130935615,2
4.1973307350315725,-3.851196255015692,-2.986771598340143,1.3177144090854136,-0.7866299715542499,-2.910779611878174,-1.6911598310231004,-0.571637937356639,0.9747256009057279,2.483412799290593,-2.837124544287292,-0.010740501616071485,-0.46207924746300877,0.25702374650600457,-1.0176392518337791,0.07638440758894632,1.2248572625546346,-0.7374053455801753,-0.7989387455038208,-1.9108621997607982,2
-1.0920917278965514,-1.243662912950544,1.5142585834165263,0.3141965860933904,-1.2253504365823,-1.5947712179087794,-0.008091539637997192,1.3507142604756348,-0.6356316158615979,0.6871808956367969,-0.19139534947905337,0.8048393821655067,-0.2389820102974259,1.3377643235081418,-1.193954222045233,0.3802395957968297,1.1812037849490231,-1.2076663529019347,1.0056060093051458,0.8356198062371403,1
4.396905842432657,-1.366672400457416,-0.7874517797209928,-1.2844938436568838,-1.0610105987880223,-3.5709856567631135,-1.459105272271847,-0.7777459698772731,0.1996961966253978,0.5212910261069441,1.1135818293518684,-2.1387882055904015,2.6814745469623658,-3.2134963988217033,0.39380883799126415,0.33281593432606316,1.3719958188210644,-2.0073608522590525,-0.8632260966327236,-0.8772862775522766,0
-2.0994761901748835,-1.8019335721981355,-1.2075566748329183,3.2710298963264277,-0.6406580226027632,0.17095971344713554,-0.32402646029649573,0.4577768855111793,-1.118352226000482,0.7185420329282751,-5.289972034407054,0.8204655629082862,2.867905078623744,-1.355823015182802,-1.0492232500470189,1.0905176747426688,2.738794052335064,0.6845747250358474,0.35855295567102885,0.8311541826269677,1
-6.213115364335071,0.8048119918243957,1.867552680059538,3.8848677731717247,-0.7363727523560001,1.9681674492219048,0.9206842835028011,0.3140034463658554,0.41172510724124184,-3.599307266161433,-3.1029718277297835,-0.17907391243571513,2.737180033987756,2.292484073166483,1.416973973837563,-0.43257575712307933,1.766015677008168,1.2074912492745373,1.1859299127866367,4.846054863387212,0
-8.098103786867222,3.910301760386074,-0.3201593280121239,1.4864863603488307,-0.7917242738890952,8.554700465057486,3.518521151427101,3.2036035621977885,-0.7615715270929277,-1.585029485402704,-2.0393912748874583,-2.0650418727726603,2.2051737530979,-1.3447326859165587,2.1927896822643738,1.3955415800780508,0.30130294238947103,0.3880218052986303,-1.359325596156131,1.7500606537717474,1
-5.107685984141364,5.1674403784590535,-1.6854713026693933,2.497544985028387,-0.1232980464189985,8.407318804078026,1.5241001953007447,2.9542095361884675,-1.1662282279953575,0.6286578210082618,-3.3008645266411105,-2.599120852305161,3.4281270476760297,-0.21439883433912088,1.1070142239824061,-1.1329018927418335,0.5419413899623337,-1.1051730810190554,-0.31400133657527174,3.589058424662642,1
1.1452943803489537,-2.781402667584617,1.957567227612159,1.2890852484819946,1.7134380090505723,-5.214240837744816,-2.144683582348883,-0.9944208239991712,-0.7769898342505828,3.2839108257626615,-0.508944274074622,1.4925367150842594,3.659014933959471,-3.647549661739518,0.3037579491009266,1.335431728969585,-0.8610352690097027,-0.7997641277878986,0.27384860790372645,-2.95880613886833,2
1.4447407919202164,0.6811633029423163,1.6547600644748868,0.8276633001333393,-0.9408220741920305,-1.7238271816059538,-0.2910674493208829,-2.618671705219068,1.85160907703945,0.17536882052900804,2.868104248067326,-1.41274195849565,-0.7446123576577365,4.035984812249963,0.0361827294430916,-2.091651903364375,-4.2131430043128955,0.7682485771525434,-0.18116171591491936,0.1363109401488491,0
1.1328522062916704,1.4132845365104603,-0.5215736964658366,-0.19003508704181704,0.025665237997579016,2.1472569677961664,-0.1521157459879819,1.6358715309615908,1.1427752666675521,1.012825877428319,-0.30698400054181346,-0.48767910701483974,-1.4968592752974668,0.08086655244311003,-0.5769892665921663,0.13365550105624702,0.2937036962450366,1.2204711231867227,1.8520975176412113,1.1688641882188422,1
2.263144164413805,3.190171070864921,-0.7042145988264745,0.19837851137326268,1.1037289539515915,-2.7863157802937044,-3.4790858849801802,-2.1348855266508693,-0.8093724413438168,-0.21515826971042318,-0.8913507725893199,-0.6089338976514482,8.073294612431834,-0.40420663864169926,-1.5086637698222398,1.9456675025532757,3.3943034808079537,0.5536555308075164,-0.1682434313222787,5.4327286942726705,2
5.398983594146726,-1.545824833476125,0.40004091250473406,-4.885626801378193,0.2734077897503936,-1.830154003378809,0.8755325641282969,-1.6065200475767076,-1.7330137884913392,-4.68043508218307,6.29762775236762,-1.7959872246968147,-6.131213735309895,-2.275961207828547,-0.4485906214500624,-0.7634876247136259,-1.7680304795298816,-0.8644916117566375,-0.07325317201410059,-3.283622220035672,1
-2.659612606883339,-0.9772923786029497,-1.2624581255986693,0.319716145921509,0.5309329863493768,3.7364997985552897,1.9514234766058283,0.8434494838291229,-0.7210725979957165,-0.7179111061450518,-2.082118111743616,2.582646111349016,-4.886452375686605,0.057248941158541455,-0.03277670195769679,-0.7652711290778673,-0.6808909464472754,-0.7643162302278239,0.23860200240428636,-2.3842080867401436,2
-1.731409126876764,-1.911072593186233,-0.9065480089650666,1.0558677952593944,-0.6102823114778584,-2.098415755285327,1.031730988889976,-1.82953043330496,1.0626556336097004,0.08259298322472086,-3.9016066867037673,1.4907563808416535,3.518241718497189,-1.8686628808625012,0.05880434573626804,0.48882855820201454,3.536700780502696,-0.21811946065081583,-0.3705293788470221,0.38397851741126454,0
-2.7889005873940493,-1.3604525532349678,-1.9863627248590259,1.1845824986961135,0.07907026820882807,-0.18547937297535882,0.6923750996765228,-0.7088554783754217,1.2784108952618878,0.34239676860318796,-3.274460923200666,1.4453501538525024,2.033473405134748,1.460690799099496,-0.6445147191595499,0.7000726963262405,1.9995341596770562,-1.4095488804076082,-2.727138708203122,-0.1446279080471833,1
0.14285056537046067,-0.5768842308794991,0.2659119952778315,1.3653680208505756,-1.25784055600532,-0.5142619909313804,-0.16906647882606252,-0.8459434150240444,1.7462922006600914,-3.009779593225391,-0.5395657790839121,-1.4969125886165928,0.38739065800914574,0.983603037145089,-0.9821138759143679,0.38858528903260314,0.9504404826405843,-1.56301890129645,0.6623568202253058,2.2729707031294244,2
0.03312533151444413,0.18513230885467674,-1.053754649008571,-1.5461650600524504,-0.49116285903675344,3.3009099191123497,0.6230294447725023,2.2691230374695484,0.9442163762851975,-1.5335966091032294,0.36706411571008035,1.4248907886829898,-6.033337867240135,1.4198094940563135,1.4637441249908447,1.3880868894563783,0.300315109093814,1.314446899976997,1.0923870977381362,-0.2213790177302997,2
0.6009247580156226,-0.44280944516754384,-0.7048026628823874,0.2549429460919146,1.0131898045103889,1.146816834367798,-0.6887423169695202,0.8696760249691262,0.44406597792336067,-0.9711743174062307,0.8483051253428319,-1.558299017198398,-0.6924634131880858,-0.6509342524203103,2.000625932214334,0.8914400467341643,-1.3170825685890826,-0.13558814302883332,-1.4702297689462416,-1.3999170457809076,1
0.9649876370537516,-1.0459500349833761,0.632306721221232,0.7406753555653116,2.2749884135364646,-3.0647371150061313,-1.7039591073053086,-0.06699570132897964,-0.05688614954256105,3.090312532242822,-1.1639621710842627,1.1680185362530529,3.122423469349721,-1.8121455629172316,-1.6450972541397804,-0.04996879081053281,0.708450126590553,-0.4147493167088482,0.5030470947735458,-0.6197628434003172,2
0.29313682470713864,-2.6949851277109445,-2.1441985203917104,-1.821339933671757,-2.667629714606425,-2.424504435500677,-3.480144780076403,2.1246545347703734,-0.05315980572258217,1.383229186300494,0.22911618464490902,2.544559391731225,2.488898810632309,-3.051572449280979,2.1321856668063788,0.8832590162275658,1.2585307330429525,0.6689403187957681,-5.531539299151375,-4.6491467344235815,1
-4.975212492765922,1.0303916316467392,-3.3861832862518124,0.43882960634516793,0.6405066819570927,9.743321904039957,2.652032045577968,1.2986365568912865,0.42291916022725257,-1.9057423911459,-1.953211216121829,1.8456852594447182,-5.400347919308064,-3.1479939035329783,-0.13110690962450014,-0.5414589086036469,-4.158889986741144,1.593523998609482,-2.9954390246824385,-6.041858206473599,2
-0.28787785356056916,-2.332506591615822,1.3494129299832998,1.250923635242625,-0.3275594233689797,-0.5059981605469647,0.9056853646751599,0.23940047758027339,-0.2624810477468882,-3.4919400170866175,-0.4524076243482479,-1.0417663423358805,-2.519495173262308,0.10752531032909551,-0.33437710670132015,-0.719033595962493,0.9714261248966884,-1.7196275186655354,2.2813495189594653,1.090725313297659,0
2.1075092947504173,-1.4725780686643837,1.642529041410718,-3.997375993390845,1.9600075188155925,-4.52361484565048,0.14480961700290396,0.6248896246812584,-0.2935379342872174,0.6316657674722259,4.12898306101481,1.252849078677695,-2.8220564780505746,3.0575885367340696,0.036307341741559356,0.8042382946826748,1.1988199561907806,0.4595077666386616,-0.07424637289826314,-0.18294137906708882,1
1.7136297167324204,0.6476526686901977,-2.630063452020844,-1.2869364125046625,-1.6850588974175524,2.4945996267150896,-0.6704853594785501,-0.21332422644365157,0.7602016326255314,-1.5852050019699013,0.21185492563206343,0.2611204410071666,-1.9311903860778208,-1.9508462382907705,-0.3643201628489621,0.5931161204003247,-0.6522471243515042,0.028076534494549044,-1.4212308609786612,-1.8744786507684517,0
-1.1334768354403366,1.1222785705844334,1.0462075764078187,-0.6211444051624783,1.6584359070094896,1.1828805389391708,-1.2503505998477613,1.426363223334565,0.16838302778308764,-1.6927162135254945,1.3954521644849647,1.2769252482338056,-1.0654170266849379,0.1581017626837934,0.23720920127565875,1.0480927288481758,-0.5351431643886235,-0.425361470265525,0.23936979885952725,0.49519945771932844,0
0.698342579058145,0.2138861406233391,-2.3695592475664284,0.6985110559627443,0.017917738221916595,0.8540315117152124,-0.8969931058863261,-0.33408018151534646,1.4673820105354922,0.18487259684156188,-2.1207873421261,-0.2832475126510644,1.9631788100479495,-1.2116217977571477,0.4395657746659394,-1.0828340625830453,1.168774492321585,-0.04820838564256086,-1.2342128487268251,0.12564595301031606,0
2.445861170407693,2.372539270934173,1.5571119695445623,-1.3406760408449017,-1.1464540161028787,-2.8771433963578565,-1.9082738068639853,-0.07456291685071076,0.1946480039058068,4.11332099324549,3.5157836791457204,-2.3622837486588315,5.75033168053697,-1.6339650035551698,1.0838206418312581,2.7998241463378313,-1.6321505353235788,-0.0278968936700094,-1.3066662773278033,-0.1417206208548803,2
4.1261371076547455,0.7925275135496179,1.005997675187221,-2.3366014094978507,-1.6181191703935376,-0.4315382292195468,-1.041978304273185,-0.816006699867024,-1.0035864681614417,-1.7965507808173578,4.773381536966062,-1.0882258926939001,-3.5768246423325754,-0.8883696304275812,-0.9981006602355318,-0.17946835767597058,-3.2965321125892197,-0.026414999087045726,0.8057836747628948,-1.630806509337475,0
3.643733047567305,0.9920624189552453,0.03616533124553617,-1.1770768157135332,0.030439562394779483,-2.1139022619730357,-1.1342995794819457,-0.4483952213052209,0.15807289709124253,1.216009101131945,1.0710910180430857,-1.3157863392465812,1.748218485938932,-0.6328293173862418,-1.436060494836333,-1.049949577930627,1.2572527903124404,0.13313564624990556,1.2927384182504502,1.7826119295142844,0
-1.5723550764283338,2.5424642146386063,1.0697155880849132,-0.18818259331903037,-0.8069782666399364,1.0718962285719995,-1.7472105216012632,-0.2686944268748276,1.764739752441796,-2.335791525548136,1.8251780642356552,1.2880110068361936,0.5115931339935521,1.739410320514814,-0.5885949845622744,-0.23801908044889125,-1.5404678587257148,1.6178267235679804,-0.7439253295790857,1.524386503702844,0
5.376229183178578,0.33204981501366676,2.1899560197149244,-0.9030892360037481,-0.480201725345037,-3.86158564914404,-0.41149714299892637,-0.9245012898451865,0.3655715546381378,2.3189799575253174,3.657840613179726,-2.8916961132073626,-1.1804651562742563,2.9394056163486963,0.6478049719508239,-1.9286137303867605,-1.4759517729643072,1.3846304581765432,2.9419351839381145,1.8283263864632695,0
-4.156021930456046,1.3653311513391442,2.6192068522982215,3.189367926029066,-1.6630555148805193,-3.660300820917229,-1.2018113994434292,-0.22303350540527034,-0.23260590298925776,3.7255459655437653,-2.602272775261211,0.3751145117348551,9.579684284087186,2.5966816388198555,-0.7619278440542826,-0.4921575747920368,2.506618926731705,-0.7841013735016077,-0.11106221721014475,4.932350786807822,1
-3.9477190751781706,2.78545162858212,-2.3569622177185527,0.18228569782500742,-0.27401631381909686,2.494878685168034,0.4716807252483237,-2.102600526756902,-0.1788746048480557,-2.4966513045995153,-6.066567689831678,5.186769087268661,3.679493942280825,-2.270120284739452,0.933992223153786,-0.5576555790986524,5.803743571451429,0.5245174345941758,1.2913405581781157,4.186421694927214,1
-1.1810589573388068,-1.2525134707337604,3.5123089407136603,0.30572151385626,1.3577845520580714,-3.8218030734119384,0.006597349142346887,0.16670095406277874,0.376505680977427,0.5648486997854261,1.078299254224819,-0.22876864042270012,2.9713824397877837,-1.3336115294128126,-0.5808206468277702,-0.713501774997195,0.7140393884250358,0.12766134984344943,1.1764177957904671,0.5405688441887472,2
4.495337107805332,0.9254239228343912,-0.6812151298927305,-1.7960804168850002,-0.7761755648978872,-0.48094276008570924,-1.0874500935308458,0.6302757315570491,-0.4515906532470789,-0.49986410519809304,1.706398806580119,-1.41937751797154,-2.161961992226647,1.2919694215721558,2.0229420763065855,-0.8729382946572608,1.2562544827511477,-0.3340203342376048,1.8682096182736327,2.2990726037586477,2
1.9300845201369143,-2.3210799120426957,1.5182691802233834,0.9591013268303985,0.14983072858266516,-5.619310800593984,-2.4219684333724505,-1.2907639638507618,1.2266598343105293,-0.4499571359439764,1.7010248740741931,-2.185516742188158,4.471506970923702,-0.33069701432884613,-0.6900392859926178,1.465430154327721,-0.14596853993628933,-0.11083953719272857,-1.9109207254789142,-0.13015671821533623,0
0.9908405012980952,-0.5013938488213061,0.8004808566713268,-1.7156142404027064,0.05446036929644432,-0.133131979970587,-0.2589903606638041,1.5802585790784422,0.21555000064529165,-0.9375986207720429,1.0381566003398832,0.911957501283089,-2.2085708815466507,-2.225742549392541,1.7516744537778939,0.86151388816879,1.1292888730823487,1.8149139351663486,1.8354961031619068,-0.379898098467875,0
0.858172157045861,2.9760184602082194,1.22970821979613,-0.18601705917210842,-0.19238926433841047,0.9040103786610193,-0.9126841333477758,1.1634149166530543,-0.44352441480040034,0.23809744962120571,1.6683787112160218,-1.5721179116598756,0.6215120021110512,2.009000005786967,0.18167787215559458,0.471854888201497,-0.14481311287388382,0.931126277687839,1.8129687374490842,3.584899735520539,2
-0.9074664514524188,1.7560429878462405,-2.0736417862729,1.6090756334519165,-1.2216696022432145,0.16140592552077532,-0.35071044549041475,-1.4787510844400378,-1.4374872955071714,0.9310737241069957,-3.9803036240796907,0.9113870302444216,3.749989672877625,3.032577229607777,-0.9970911242653454,0.013830199723696996,3.25998465999271,0.3584569662278545,-0.020072289101601137,4.436320614741207,1
-0.47550870195712247,-0.8741265607680173,0.7219829651217599,-1.193152119617168,2.845877450289003,1.2843980914715263,-0.09148704002580033,4.289302089422554,-0.09417478472929892,0.21637932796523557,0.6845819377836703,1.7855149097182081,-5.728188560655114,3.05986436516217,-0.8284169304503102,1.0998832735534692,1.1856366272081074,0.17256174399088403,2.0302198490192156,0.7090565824037338,1
0.5225228095641584,-2.670786412673486,-1.4379842893122976,1.2203489360105253,0.8197680694754877,-1.7735595977715648,-2.086585490195527,2.1984222801407434,-0.4904002065731625,1.3198200370173343,-2.756554790872359,0.8115865874289647,1.0882249136717186,0.6749411758051613,0.012691764112708524,1.710250391117314,3.13091055870197,1.1372532466416827,-0.7139496890315142,0.4565491151514474,1
-3.7794068654656465,1.9772076764398778,-0.7205555801825942,0.9666783955472835,0.4518975861164713,4.939540952663756,0.9715710693461574,2.216258859857887,-0.7432363667780943,-1.8828660438856335,0.5877852662206712,-3.2960193616888396,1.4144788515356272,0.37056132557308363,0.2297589919427541,0.7873580466943357,-1.327806770637325,-0.9602529244189619,-3.228306021167438,0.27869464625906126,1
-1.598048456846327,-0.8361224334468234,0.2175004626076838,2.7216815744393297,-0.9347231808085009,1.2038082111588775,0.25149892654614747,1.9281153593503313,-0.47345625965469706,0.976089274451664,-1.4683493142335444,-2.26369799974397,0.7299162800555766,1.4394251003587628,-0.9735258086474549,0.7096048881627881,-0.3353918296347844,-0.17515645435956012,-0.14748126942091938,0.6754732516428092,1
1.2671781083184581,1.7953481505130933,-0.8256138755449822,0.03787747419431631,-0.07256648695919042,-3.3075348416607,-5.493783535317135,0.36951145686980247,-0.8086600416577134,3.166520134689681,-0.4331320876705105,1.8615954289454377,7.624248265415028,-0.06016920416379401,-0.669755299789947,-0.8499082527601255,1.6304039420572678,1.035396449804743,-2.777331738347002,1.6592402411663427,0
2.8427079794390253,1.1372045180212589,0.3232529873510623,0.5051729778597633,0.059312765419377855,-3.140281924246785,-1.584443928827809,-2.0440686153583933,0.6351270937507677,2.8869683588231925,0.22264308925849308,-1.0811278126883903,4.389485442343948,-0.013569903591796328,-1.1836923420361263,0.7411200128832625,-0.2303436063898981,2.055220968516346,0.35734351036738043,1.3546971514775963,0
5.932795277982185,-0.09930065669046972,3.397526557465011,-0.609898706819467,0.6576336910076903,-6.943118755130257,-0.845065713761207,-4.069542575494973,-1.6250989687178627,-0.30210130118308764,4.710080062214971,-4.231336939875371,2.6925496078443656,0.5933470771131015,-0.6418457827653071,-0.37180568078333676,-1.5538736500653125,0.9939720640754781,2.144272084907296,2.108700454428367,0
0.6435701247206852,2.5819163094514246,-0.14310733358404593,0.4684399002946895,-0.4338065870878184,2.71110742734378,0.17127779254678333,0.31522861365732613,0.2563995592438384,1.7762055286746876,0.5745366196458381,-2.1824593907651315,1.1668756637157216,-1.7667885790686935,0.16367176222971988,-1.8301064887175909,-2.306827489326961,-0.3028848778801811,0.4275794297641428,-0.30838313349967783,2
0.3677180136016089,2.2681377446542696,-1.4470939709659152,2.454352109345702,-0.2436243827114264,2.0925171516287806,-0.6679545792866434,-0.26918053356486205,-0.3734530559804402,-0.9907933614420148,-3.9458902653081136,-0.9981969055068962,2.2325061169068765,1.0906653750801334,0.15374952880847811,0.758144889210677,3.166352392894569,-0.4082820135643562,2.8563263623754844,5.739635239999706,0
-0.8961999856240469,-0.37859752001720537,-0.6677049281719134,-1.6617196483961507,0.0860224250408956,1.5762207094369645,3.452578377454035,0.29744912656845557,0.13162068898893264,-2.886054782385717,0.6189462786856071,-1.1121766602843755,-4.32959327630607,3.438186171836985,-1.8842162685219723,0.5475362192819941,1.9470131776339583,0.6067846469543371,0.3307649377588869,1.766458078967098,0
-4.816477976733126,-0.7817577960219604,-0.9040673447451435,-0.30373005983439083,-1.0081774793848166,3.695179622913978,1.452052218109293,0.9422995955859685,-2.180546822491492,-0.39953467977736573,-1.0702804067469442,3.804556431146452,-2.958161391533212,-1.5496000838296187,-0.7197869743492218,0.17110140193267767,-2.0204227113514204,0.639959690661533,-2.564562709289915,-4.85098737741209,2
-2.3265131564921115,-1.4189720204769114,0.7113876938819466,-0.13762586187734122,-0.5356871181435664,-0.6240766804937043,1.709294657252181,0.6530521358673479,-0.5108576756023839,0.24424621342389885,-1.5939603118860002,1.9446815102994057,-0.9753766010042814,0.5224552530641063,-0.032628501909356664,0.47465364575734525,2.2637438029902266,-2.4621591233850464,1.163469762598813,0.42979024405593025,1
1.8030443178061264,0.936980876785166,0.5199714649619158,-0.383088472156476,-1.4927901206286105,-5.992413941322773,-3.467074039080422,-3.964141224244632,-0.9721556533948422,-0.2955218615017173,0.9721175489302301,0.9658418959704507,7.481270550893642,0.1223815322958629,0.11389991890318406,1.2231129450683034,1.2158754591850234,-0.23717063112593234,-2.2428844213011874,2.11701981384374,1
3.1016579340110804,-0.4862665090674697,-0.9273227405709508,0.5673557181191236,1.050281993397764,-3.0074273422922433,-1.703918353857814,-2.966934289232219,-0.017741834514377944,0.4598788474189119,-1.036181987650102,0.18273647614245725,2.8026160864184497,-1.4406471970302217,0.5188439229401117,0.10789969826743621,0.48214240844822287,0.22159801813674082,0.0437398729918092,0.13013913572409183,2
5.873951427435375,0.272683452655449,1.8459071340619868,-0.6348764575023919,-0.7858821230749681,-3.2935743492765526,-0.37223404881548144,-1.804148711839511,0.20238122708930897,-1.0885125815265746,4.326742849152159,-4.499511745491869,-1.9141999524644389,3.414843392297955,-1.4885939779624031,1.1197004005736249,-1.6484546394245967,0.7870334719498472,2.5306796477651274,2.711801299866914,0
-2.0235970758109074,1.0367073371175342,1.5057666849825444,-0.9215738917619982,-0.8508863000277902,4.908997170439251,3.1968366920561997,3.5887771669674597,-1.6318705831329818,-1.1370031168764614,3.967759953618488,-5.067375652281472,-3.242419649000454,-0.9454849767519675,0.705099736904737,0.829292111341882,-3.3087679905302756,-0.7924151516998811,-0.7151690639069974,-1.9220143953975413,1
0.6842643499409142,-0.5580979132511869,0.6722624628614421,-1.1607205216890786,1.1017396495445941,-0.4930357019139181,-1.4533847868225462,1.7505841459686198,-0.6255156566820088,0.05853636512289234,1.9317797863012567,0.9647302622392364,-1.8826408574549873,0.10775715604269337,1.0006034085162683,-1.1053821813650617,-0.8097661130015661,0.1484502836510538,-0.3411935762316669,-1.3341292657198534,1
2.981144941131367,-0.7759962729834579,1.432822063335296,1.5740589104132046,1.1825169176703132,-4.205799521071846,-2.91545257855705,-2.3910186747150712,1.2477122918598191,0.6659718525613416,0.7253116097983714,-0.3575003768186281,2.904352877385635,-0.77171686361887,-0.5455526027368867,0.05806383002443512,-1.7474004483295307,0.4471634130857203,0.609543643297735,-0.1227935162008904,0
1.1851075101349353,-2.8462780363411375,1.30144662992093,-0.26277004309126895,1.629588617431935,-4.682791086226145,1.1412145631530017,-1.80902141094086,0.5866495703386697,-0.9754268207118935,1.299715227708362,-2.9413315297915132,2.8959326401115204,-1.8516084003482107,-0.6022863546684106,-0.29639865154618206,1.1238511686568475,-0.5487163413482677,-0.9912946297291783,-0.6765892329616789,0
2.6978759855225833,-1.107476249402103,-0.09561716706343526,-1.1539961932720322,0.1729698079558269,-1.1552480867595623,-0.4451946437066571,0.17878348993869886,1.3287414300992495,-1.1868191166271105,1.5824038351908596,-0.839706464891464,-2.3339370043225878,0.15807244813199517,-0.14534531448773885,0.7366199329005703,0.1646506463752354,-0.478034012631749,0.4985671116731797,-0.30424989509282635,1
-2.471832243969606,-0.6619599120100752,1.3083392262566313,1.648611791771333,0.6533143142145408,-1.8912954032131128,-1.7999053626686297,0.29498832508566275,-0.2436300557179303,-0.2260170358392019,-0.6010116798660374,1.4986161056714336,2.550931045534388,2.118405456081445,1.7592166035624288,-0.1895736954826558,0.2822728408497795,-0.4522708391935566,-1.1695319762000376,1.0990719610640032,0
3.4469577786693693,-1.9869227433324153,-0.2997765263642336,1.9354266427432218,0.5109033790865827,-3.0364005086256673,-4.354094294050867,-0.6387299210835947,-1.1299648926666546,0.4330564728857773,-0.41591075266855876,1.6725309786623406,-1.220792379294859,2.6215902857450892,0.7208436021306857,-0.6268343208914771,-1.4681502218260738,-0.5178052653301162,0.2949892667267329,-0.31091019479940535,0
3.7089735917220668,-1.5399595788138916,-2.4230258772227646,-0.36887320309226324,-0.21309040193366116,4.034234124523475,1.1701638715752123,3.501791445563727,-0.22431846489054252,-0.4401037888387638,0.9972911967243586,-2.962487661112513,-10.003694022436996,4.747302612357343,0.9130359846462619,-1.0941353992037057,-1.3419849663266734,0.3854101769320479,1.3679086952889628,-0.6101796506505112,2
-0.3861706322636609,0.38448877777049206,1.1948996126248552,0.24421200994248643,-0.7082363191646834,-4.580931511944693,-0.9910767973179928,-3.0943323331835892,0.7482806471485977,-0.14080676297692124,-1.2748380728668796,2.0198510155822964,5.352450795640205,0.26518012237552113,0.48050023313565854,0.40086101146682657,2.9310707420752493,0.460344804825644,0.6548099924395097,3.212683151984711,1
1.8494562455816856,0.0021591906739295563,1.3119054139571165,-1.238599916084911,-0.558075932285895,-1.4969098475032558,0.5643952244347326,-0.5084462445852284,1.3871907131863401,-0.025410362144417276,2.257753377863148,-0.7520316093387449,-1.755476481568589,1.0401156509113094,0.7173234939267886,-0.4121039499732385,-0.611276261027998,-1.821856901770366,1.4196052737403364,0.39780490379147876,0
-0.1420275323172542,-1.2494042651405612,0.8334602818572449,-0.2649777990301535,0.5054195590744918,-0.8205185622405835,0.8901811505969992,-0.07075703123543281,-0.47405307303580635,-1.005868771470104,0.37596902525983106,-0.41518746832851794,-0.5777565064989624,-1.3181546650892138,-1.0579366620089092,-1.9625304945209214,0.3952658222401023,0.08592660933240631,0.5749100360275279,-0.6113373157451886,0
0.48606297200229703,-0.2704073741120111,1.2437996903838258,0.10512757681917795,-0.9992938076263314,-2.9913088632505227,0.8676902053957021,-3.882135201886238,0.13535998609221697,-0.7081043858224566,0.48344138342013765,0.1428547865848651,1.8287241118680535,-0.45806940555660125,0.3106390995647888,-0.9612704991504749,-0.6179231090297502,0.9754703167375094,0.45425311403445834,0.09179972187319783,2
5.29669428939159,2.985726429773045,-0.3168211823572911,-1.8872184528450746,-0.7006611020632972,-2.30430909831582,-1.993851851914135,-1.0674903446877582,0.4791972032760403,1.0041366313043558,1.8148554513135438,-2.6584304861181582,4.224596813275783,-1.3929496732665863,-0.7830327985989051,-0.395123928280688,2.0126738457991755,0.32560568144342206,1.3758179877049095,3.6805906144051006,2
3.5090315794152,0.31846294730054314,-1.0578077004006396,-0.5614716286741929,0.3490980024055041,-0.7405288488353562,-2.0823301397991636,-0.11589842179581433,-0.45337242062983785,3.928899134505891,1.2841845058525074,-0.8565489854471855,1.8781287823753072,-3.4859785413539597,-1.3124236755267384,-0.5000386765492798,-2.839597063068664,1.0524506316140432,-1.672608267592556,-3.871229838371231,1
0.05679103359209693,-0.3766364448494477,2.6575550568812765,-1.1768678259668166,-0.7433592616256149,-3.8597473785848804,-0.7902501681400962,-2.0389229446360817,-1.0033440637460869,-1.3264308755234773,1.8934288572414983,1.1164156556638196,3.3318923619760636,-4.173696138311342,0.14926551039329786,0.5155156340150927,0.09667000113244267,1.5952280459034476,0.3403882158025858,-0.8555261408077196,1
-1.2412482687091233,-2.1248111489935337,0.18293646345822934,-0.31720394579376887,-0.1499634011101363,1.4919214333718154,3.8263475015394186,-1.2656364231073205,0.10280638445942597,0.49741647448708126,-0.39291609858771354,1.6591426821679705,-5.775056761752278,-0.9063862210858493,0.5574560004726746,-0.38930562075357045,-2.647287164893077,-1.3218271117477924,1.0608113944618913,-4.552447415359958,2
-0.6665650065228937,4.233386692696078,-3.2317394653121965,-0.1852131831698407,-0.12865248500536386,7.676912446619003,1.7224799168843064,1.6099179406213184,-0.8560969966212014,1.030968386654757,-3.092318690786606,0.7342566846032365,-3.1819937361491344,0.3531479329840438,1.2090877114727585,-0.3622729834926137,0.8483341861037204,1.0952315559283752,2.37102605977749,2.1252756543658795,2
7.13041970162826,5.010099693732476,-2.50609449699248,-2.3332461605700248,1.9429614348444821,3.444758008542949,-4.361634285419303,1.7135024815502247,-0.8451669978400385,-0.41763101838505484,3.795326815348908,-2.8299219109238836,-1.8282376386574895,0.4068983149102892,0.4970819410032019,0.7836198305408291,-1.8967795517474955,0.3563258295730599,0.4359639614727501,2.0976630517535715,0
1.9415832266680506,0.7089126986785939,4.40141831284425,-2.147731525968913,-1.5924872056449197,-3.6954395739024077,-0.9285384992098484,1.1921268934481954,-0.03358497517999565,-1.3721682162480375,3.888442301759901,-0.4672632205888199,-0.24780741711318963,0.21076848752278632,-0.28976909672896894,-1.1280284070314834,1.7780098948598244,-2.0222458092033997,4.2587899903159565,3.7646533763212098,0
2.8676539451422705,1.0784066420771743,-0.7213646936925522,-0.20095790888857035,0.4040896142169139,0.2993021658350944,0.8074581818479423,-3.7848966032057865,-0.5867888074710782,-2.4845132451188006,0.935677844989222,-1.7358329345343806,-1.000437815458724,-0.6097109598702819,-0.4145461142877869,0.4195653159883031,-1.657550058651407,-0.8083195385975238,0.8587117903824262,0.30797794520088795,2
-4.383909899679516,2.25823417715807,0.8736804603484767,1.6147317989716168,-0.016875005724353236,-2.0158320283182745,0.43435538783417116,-2.346715569128376,0.32007756217707,2.2593806614066585,-4.381254945537062,3.216058915337025,7.900549630556993,0.6063102275766532,2.0358886435007544,-0.5356480725277248,4.060967498111662,0.5791629425114344,0.892802828347564,4.669386613467644,1
-1.6514506340925923,2.611649713757467,-2.3521880327881695,0.7910865439334345,0.9810709238787138,3.4165459065537567,0.7892233577101304,-1.2602259568211645,-0.21760223577931304,1.9685443720623037,-1.5450917708608396,-0.41447002205745354,2.736193936246181,-0.6703113462940771,0.023082555702404917,1.4502193738337088,-1.8075707815375557,-1.1059332245799558,-2.69395617241742,-1.161525657620262,1
3.097509659359423,0.3839090190116141,1.3527255464733594,-0.8254609594386799,2.4528616211424015,-2.2767781583871485,-1.9972013916703375,0.7781564414810049,0.9545795811061782,0.012507762432765301,1.0560397271123552,-0.5928207947607598,1.3289001114105619,-2.1937975957041536,0.7890172518121638,1.0383551849025725,1.7389025987337035,0.8793465470270937,2.7317766262527856,1.9957949109881077,0
0.5670159979433352,-0.2700475246359525,1.0848703376933548,-1.2974686147473815,-0.02057942709086451,-4.031291657136223,-2.075697586183794,-1.8957119703840806,-1.1404457867700528,2.3024464884945086,5.116500364625975,-1.5819864864300364,5.625909494065779,-2.0251679292038496,-0.4310701409423293,1.606260380726673,-5.089500660441384,-0.0793261963762133,-6.809506681889013,-5.598740549927769,2
-1.6147475255546235,1.3490166473589855,1.0932857854784626,2.3314621027165803,-0.3653774358566567,-1.8110555122609995,-3.093868886236664,-1.6827295217977876,0.18464585699325556,-1.9507510518884628,-1.6581253177124828,0.6476751232341027,7.3074877170407895,-2.2699081880483387,0.38581270320864025,-1.2804158034165904,1.302239609988369,-0.9253363714385271,-0.3824477269055149,2.8735261282818656,2
-1.294242268166168,-1.8600789024344975,1.2483597669891842,-0.9232928983112701,-0.2236560706129202,-4.040908524468774,-0.10205369701548578,-1.7568385652412872,-0.014979205429377819,-0.2876500173808849,0.7951441439805574,1.5810056272656012,3.203306608341397,-2.132226600956401,0.34795413260678965,-0.6032286716303763,0.550127922360516,0.31008690835253166,-2.196917271095819,-2.070566380834501,1
0.4000421434444289,-2.5778732395134676,2.3990451397862227,2.8948180732599718,0.7262398732709644,-0.24916949607148434,-0.0242634877815322,-0.061823063385312016,0.2010549873105696,-5.542935032073754,-0.6511346429040539,-0.5654961402551606,-5.565874738394792,2.574453704219799,-0.971717179276927,-0.9635914050207208,-0.017429456367867524,-0.8952171441525554,4.96095165136159,2.8821230754314824,0
-1.2043962324537678,1.1536756921604185,-1.2105264297027416,1.9258312839024367,0.14621135589758608,5.388039632176254,1.120975396888101,1.025539029170995,-0.007240398594146747,-2.340622801860785,-2.965529976730088,0.30263960440610693,-4.338397830786703,1.0175350566757073,-0.31554006289635816,0.7057838852040312,0.28075579595126887,0.8959972104136343,3.192333485346528,2.1477945276424304,2
-0.18098453004212336,-0.8937434877937209,1.3700419751357105,0.8921802323860479,-1.463626458032287,-0.481489608491274,-0.42518894819004954,-0.28447141234060436,0.6084796813064874,-1.6757662904724078,-0.058139845411722166,0.9789667840974232,-1.7855695561024953,0.057874499642748045,-2.1169025919563484,-0.3800719668924537,-0.5773879439388065,1.2459138486184573,1.8499647523169345,0.2095895827394939,0
-0.04204767084055214,-0.37397768300610457,-0.4107345421579478,1.1806373470859453,-0.6638895056131663,-4.518439704063168,-1.5972712681822512,-3.7007810273699047,0.9426956674992741,0.7419885184555435,-3.127571586906071,1.565013152407556,8.189740093516956,-3.3084041313506565,-0.1154828963916312,0.7470673189738315,3.057323748166411,-0.26603725114374643,-0.9492748817556136,1.2155703949913097,2
5.719876629792192,-5.207141564613081,1.1869809175677095,-0.16776171219053237,0.9996891539453561,-4.677637914777362,-2.537073336288571,-0.43802697211865776,0.6208417480333385,-1.885809970356486,2.7174181622940474,0.18673930404173167,-6.080275982701785,0.00830379090324096,-1.0731591448312356,0.7671469014357418,-2.3359706588473137,-0.06815663043443759,1.4903997856226168,-3.5491983332664256,0
-3.4572470682102643,1.5016775042147066,-2.9073379728643016,-1.8093232459636517,-0.47598352432522295,10.413930303455514,4.9625296664577245,2.0919072981893354,-1.1294999627831654,-2.107826988210774,-0.915669575702947,2.5396003052046274,-11.507087234183427,0.45267273828748367,0.5285128808059492,0.6799278365353183,-2.657401163541058,-0.5135970504353424,0.8304148270084495,-3.698996009240157,2
-2.4826980948838027,-0.8114361683920006,0.43896850009996896,3.008307360577587,-0.16724790473917292,-0.6325377920353401,-1.0320093517274378,-0.537063234415405,-0.613598571738008,-2.839107710991166,-3.058311459774998,0.3251132381721591,3.1037569223283286,0.3126022253325963,0.5291151085637205,1.0446662356754068,2.2931855789837687,1.6239434870162683,0.4363872142461568,3.0066529178838652,0
-1.1196078305138746,-1.8448997734218429,-1.0920156961038237,0.41617290617304714,0.08312581787924939,1.180930650636429,0.9961304117542897,0.09267100507133119,1.300911237416557,-1.1673294399803493,-1.3767204763678282,0.8637398613865555,-2.3018097944616573,-0.6343620289364134,0.01930752922613046,-0.007402396000651359,-0.019193280652512856,-1.1811304632386497,-0.7238961952710146,-2.0276125287639046,0
-0.7911658236100048,-1.4814818905037113,2.7977720537341635,-1.8827110303364774,-0.6529019851784491,-4.9569500436590275,-1.741218921822577,0.5572795684780241,0.3575758908293014,-0.8829901897058126,3.0064372388789096,1.3667721883785067,2.7329893018977276,-0.7469808633812793,-0.6758008534284953,1.3427094389440943,1.1897706975693654,-1.249476488541901,-1.5798742268934602,-0.40591325987401766,1
0.8753398877903473,1.0198545576290816,2.7841663278996607,-2.434516871977162,-1.4952660600014247,-2.1809744365211876,0.19518703201559418,-0.5861113271741729,0.29869666232126674,0.8759710947463037,4.402294738274285,-0.027101864870596515,-0.012377003368508178,-0.6365639914050298,1.175224455567833,0.05953993623099418,-2.209538497876184,0.8018192902010521,0.2968701594774872,-1.1947439499811539,1
-3.7936391709057125,1.9198232109252649,3.7046502957976766,-0.8849061020104643,-0.3232719397152676,0.08784002276690675,2.015911374280678,0.6890154841577705,-0.03964982602951878,-0.3700218162252574,3.271535423449108,-2.226185148415391,3.6088728685082794,-1.8579623077862535,0.07268612506370073,0.7395248008042937,-1.1670432155963575,1.0601539147457508,-0.6358731122888255,0.34370644751547313,1
1.5409352936627503,-2.678298661522814,-0.11138297219121052,1.820110708038906,-1.649915392027754,-0.4709437573247153,-0.35222117129942815,0.8347330494681995,-0.44500348253773475,0.1673400059204055,-0.9357671445268417,-0.7343212941109747,-3.303123127945969,1.627540827814265,-0.3863782404371979,-0.8572519004509404,-0.7113866362995701,-1.6382959142023932,1.3173988376347046,-0.6859899376980618,2
0.32025022378685875,1.44990840902419,-0.5298468215859962,-0.43467591861572885,-0.8866121875254491,0.20091513971349803,-0.8554370538764101,1.3118188950459435,0.8138928135389966,-1.6787235119282418,-0.13151612061239676,-1.479935263915602,1.8714237537475495,1.7090438356635103,0.16427876433428473,0.043855097699741864,3.3928344472421283,-0.6006433370426648,0.21630207598408946,4.44144433298336,2
2.4462849444108197,-1.4563393221566265,2.1297668758654256,0.40976918628414827,2.080692510430297,-4.308328879942088,0.259453297170367,-0.6167104782091324,1.7855867024760725,1.7431722606264444,0.32298989145276,-1.5014322465636998,1.1411985611733826,0.4755775677256856,0.47590083452498055,-0.010901131003714686,1.4022886237572623,3.3009718943015276,2.991359389002024,1.8837837454197883,0
2.0423306475714007,-0.4356180420796566,0.7564146791051747,-1.9467444567363916,1.1760176917840621,-0.7383160055583763,1.3572124853126055,0.6730182577148824,-0.8786526806291152,-1.5803429842202568,1.9417039468217279,-1.2005331555790213,-3.7525911525354654,1.921614285789476,-0.01917862516714182,-0.23880188735057656,1.5405449210837285,-2.2511352240100946,2.292168082105009,1.8928285201544175,0
5.009903657733891,-1.6152351014251796,-0.3195758053383142,0.9794128082158713,-0.7950928146383525,-6.853932231165778,-3.692405439045866,-3.000162467246847,0.05486328715614163,1.4070139825065018,-0.44325354132999684,0.07992023146222327,3.695510154189439,2.4639839552741427,1.8018480256358902,-0.7537543405673636,1.4855565898479552,0.8776128145279906,-0.008824797197410139,2.170759598202487,1
3.672422033651298,-2.4999117679272285,1.2413458920396259,0.1835703136751558,-0.875272098575002,-5.840726193499481,-1.8561033243810614,-2.0506254859975246,0.1306748998926192,-0.0903349930820766,3.4296636765839117,-2.894286157413136,1.7727151446736764,1.900415420577128,0.6507397040931587,-1.2624524016646612,-1.991151299503402,0.3747785308586731,-2.252866992739538,-1.080700401754987,1
2.0535493012696278,-1.5700754613118963,0.28805562463383316,-0.6167462983804745,0.5757967128909325,-1.893020425102894,-0.28195559726100894,-1.0534943525111928,1.1089802385271026,-0.5443165922261394,0.6208277059383926,0.09017088176891452,-0.570205190346611,-2.6736982582781077,-0.5364541150229348,-0.692585719910499,-0.24121290154049468,-0.8789920131961103,0.5698104363103039,-1.826584405272317,0
0.4253842927880069,-4.192698479404335,2.4268626044279937,0.7394970457204406,-1.349643734862504,-8.629701802097838,0.97224458740042,-5.07727084583944,-0.2652597831197709,2.941432966961485,-0.21971909344267032,2.3204448445706705,2.4298303684858915,1.700118753973283,2.1477848272405127,-0.1799086308015253,-0.5434684191551832,-0.6971683148162352,-0.30292460116206277,-2.122150002322554,2
-6.813470571577481,0.19667476971742825,-1.4323211960534707,4.101545139267894,2.0606889337279184,3.9328614803765487,1.4467719809626784,1.2645946126271752,-0.07172898181100094,-2.8628292173113548,-6.131700417878463,-0.0933687044678419,3.2655184120375593,1.7263947667085109,-0.5286099642377425,1.3630483212767515,4.0716193714043705,1.9022831403539713,-0.7176490866928504,4.335033452809526,0
-0.45744265164977715,2.4152262775287596,1.8560433332717157,-0.22133739246172324,1.1709307785954146,-0.25574648629237956,0.4234540096107413,-1.0660832403747107,-0.7823374710664194,-1.6645126684042326,1.0337794332804744,-0.9317629591063025,1.9618605200388564,0.3316111588607302,-0.4878711748161698,-0.013783411986730233,0.7773912387969832,0.4461557379622669,1.9824606735938177,3.6385827384306983,2
6.96080184684303,-1.4773887494251838,0.33163759501447,-3.3172761789196925,-0.38188864345932905,-4.871867047585972,-0.4001732927832228,-1.6037169566368739,-0.8893702662248517,1.2672421675340226,5.096918934584542,-2.1932351363698204,-3.065716873781897,1.9603621517508156,-0.22522233836094227,-2.635838969513206,-1.575684028212156,1.6046906298810326,-0.06200215439920376,-1.5824716122318738,2
-2.1237382537262026,1.3332424125770734,1.8858743309149952,-0.0316810492288343,-2.078528943200621,-3.393693196645332,0.23810258617979785,-3.422539859902763,-1.8266194934838311,-2.0376033427493896,1.5030073152565553,-1.124890324333674,6.69214527865647,0.4310716224493375,2.2823423382265653,-0.5993444805665006,0.6366102357122181,-0.4201229772718935,-2.2796127268771844,2.4067184119799983,1
-2.5583075169458067,-1.6673924325396028,-1.471393850206822,3.7506720551157535,-0.6084600814322608,4.488411392562055,-0.557145368109088,2.621697625185365,0.2181243696810031,-4.103256036349736,-4.144128182231937,0.5873084643459221,-4.505991909068826,2.6054120557906972,0.27830205156317733,0.8922098728099856,1.144688911846913,0.5555524818325563,1.4636303869460416,1.9509909415660545,0
-1.1166106105668756,0.5587986935402929,-1.6359089420042985,0.6169359903792629,-2.859520038674442,-0.29321084828384986,-1.6537770338468691,-0.1429024295326452,0.10543922618137079,1.658207393884,-2.27367622027598,2.4682667755842287,2.5808026740572787,1.4802854154171712,-0.3202812299610218,-1.2293574806183247,1.3220971855219152,-1.2060939462781195,-1.8153994648883,0.6875718381888203,2
0.14621820999739316,0.2230955934203277,-0.1029725997016605,2.6904908476918576,0.759375499389452,-0.3841991729623438,-0.09798455623212748,0.2889193344254448,1.3872502559667828,0.20671797712880513,-2.2337865562644823,-2.076025561466786,1.0877198334794183,4.979834864880585,-0.8509784292529539,-0.7875514689632215,2.105447250085393,0.5007483659768419,1.7532028440090035,5.144503652184314,1
-2.3041267995351635,0.44288632873520783,-0.28041299660195507,-1.1305879700734391,-0.5080293594424473,0.3076613905951928,-0.700344057649398,1.1941217699970763,-0.37305934438201005,0.37796455584572686,0.9183274383292988,1.2324809494464812,1.7664034481116404,-0.2098342095555683,-1.0746775979831065,0.8148741178747696,-0.08667371887840458,0.6457378503779051,-3.3117702224537053,-1.4361159566196584,1
1.0834876265855753,0.9383603321686065,1.8975233338272133,-0.17641847351103745,0.0917583267555199,-3.6386886134591028,-1.9451500436593765,-2.315049575830278,-1.4376025361115554,1.008490954725774,1.4099994488527816,0.23733655465433334,5.513907887161616,-3.4541218247393903,-0.8183524620850697,-0.6769702910612971,-0.88808815333533,1.1868537905048748,-0.23790946338586105,-0.3733429850928201,2
5.1726939874585405,0.8464856143863804,-1.0941706190213305,-2.584764405174347,0.3734453554444396,0.6439452625003779,0.2081972701803978,0.9185254297132139,2.1191036023595675,-0.6871179328403761,2.471321658685777,-2.618396165899654,-4.041460288250492,0.8550774596237805,-0.8498716714065278,0.968176152875425,0.7518157490361843,0.1143834751359338,1.9854217767928892,1.4204047560012585,0
2.305799875720891,1.5309614300554633,0.6029119122572237,2.9009591797072063,-1.5623231616000273,-1.5841256274322735,-1.786669260751304,-1.0759970652243978,-0.0960912191687334,-0.27119323089296715,-2.622781386558732,-1.7858073918781128,3.451939389399967,2.0005803307094583,-0.42914949366660404,0.27527852910081746,2.8968488542837507,-0.6383385688598876,4.290971808000284,6.880902322681288,2
1.0493411185125179,-0.42290374644558226,0.37747655310167927,3.007208860178665,-1.1501688401667924,-4.152784761200035,-3.3051221553403307,-6.19976669428669,1.9731246657865393,-4.4006690507269814,-1.4046198407248616,-0.025011083663973366,7.309624758458349,-3.8030354882388284,0.25534010009093083,-2.9310967637125387,-0.5956781852818568,-0.6278775390205247,-1.2543451275560908,0.7756992318533564,2
2.2474246569408445,0.03362756197322203,3.1245630176724086,1.0519784785515482,-4.06460314373439,-6.794947287943119,-2.6351602666424996,-4.003230227149404,-1.7785352691945528,1.6964680739556557,1.0666707116126548,0.0614665474882361,7.277242499737892,-2.888348630295265,-0.7602045787553829,-1.113889652964548,-0.8579099320061643,-0.11516540618663129,0.9389272389057102,0.5841807725654715,0
-6.256763739921819,5.365165373561539,-2.2782421548107514,0.21291273319356252,0.6689188763437223,7.601306425793408,-2.7140267424705447,3.1919727246882097,0.931730050970849,-1.7717235931459097,-1.5657817192839085,3.937313522986086,1.7924797746664216,1.2099657766920022,-1.5212596396782603,-0.5962608845449534,-0.18327728277075195,-0.738425005943864,-3.698772808612553,1.5944559511024798,0
3.4534521326142795,-1.2934126730645648,0.3237692181367674,-1.3763681223620345,-2.0304135758161195,1.7386162884831429,2.363341160906187,2.2765949732116972,-0.7713575356158918,1.263914819464969,2.9072793914505812,-2.539346220710096,-8.928340309083222,3.080183066191771,-2.403239790981312,0.21439434738168503,-2.6186942341936095,0.4436168006413885,2.679090229460176,-1.6733444047690957,2
1.3729398479394985,0.7383937745449923,-0.49780156346390647,-2.572904961947952,0.37526944904329784,1.85640266449544,1.6079620946232236,0.7406158655626371,1.5600385988583547,-1.0153633015635462,2.5246058401857265,-0.41975856343723583,-5.369950439525154,2.3120676627451378,0.2912191217622159,1.7184534155694289,-0.7204539380278111,0.7725418190513192,0.5243654084534554,-0.198036800220897,0
-1.55000913876855,-2.3700483112190964,-1.1534445186649318,1.572538706984377,-0.31609928405105125,0.8321704100387864,0.27127475504201537,0.8094607638252611,-0.8967843857224138,2.4961178214760102,-3.5697793339508834,2.2233853592226107,-0.09982591933659116,-3.4456407379852263,-0.09022459790015883,-0.2515792770268969,-0.04385420779528748,1.608888093413138,-0.2682412908824696,-3.751004234258071,1
2.5367833466668355,1.4799849094773292,-2.435454747555483,-0.6733555216003622,-1.2667207021315745,4.76269979908452,2.9264996415884847,0.05717973593716674,-0.6691427506673333,-4.079176581923676,0.48560852788292797,-3.6273984374496404,-7.49244666541358,5.479688886719616,-0.07079242518472023,-1.974011955045982,0.6089089435514581,-0.36409991015970355,2.31399813219024,3.8976967083089247,2
-1.6643954283503624,1.1933165234283156,-0.9477075233642789,0.44377064708067726,0.7728340492664013,0.8144587306899442,0.6553453434825809,-1.56154538869307,1.005326025666313,0.4224782589562477,-0.7208471999230892,0.6247358677772479,1.1867289517625166,2.2206335303641485,0.20351560371854796,0.8573713651756364,-0.6992749523796848,0.7766424893377897,-1.8229534280737432,0.31809856156565874,0
5.942746039113617,0.866502997693642,0.6913400636719025,-0.27113646532386315,0.11620171909580941,-3.257435216780352,-1.0844388802752347,-1.959689671558004,-0.3521362158210425,0.3313881264755937,2.8571482046660672,-4.39676665125242,1.00663083047305,1.9736502982463615,-0.3642404820512782,-0.10226574498399037,-0.7086804188533297,1.7598129231736774,1.6569680685794252,2.8054210479268042,0
0.9316146458941692,-0.29598542364054836,-1.049552833020231,-1.0946413350836468,0.2545325897876385,2.513557420892873,0.24010023848920958,0.863157326488178,-0.20958776620291633,-2.71614228089965,1.235352093462217,-0.29473187260310973,-4.5125620662385995,-0.3365172526789817,0.504050337735262,-1.0151475363744358,-1.0344733160498594,0.7674759178141847,-0.18594591054753118,-1.4420074569144656,0
-0.8317036380510512,2.268820513790203,-1.6113483497617214,-0.5464078333287776,0.8997203730295341,5.849169915259964,0.057496872529095855,1.5854504317238054,1.7896989895963833,-2.0081642464317193,1.1319396554711392,-1.0739479761725772,-2.384867287477743,-1.9048187367196197,-0.7466614364206962,-0.9687747384090089,-2.6817557031042045,0.005836832034040919,-1.5628215827051037,-1.9102445748377066,2
2.5409219302003287,-3.543879050953395,-3.541371033725702,3.3004721807567052,-1.6571763603015677,0.21393106182967547,-0.6592814598310544,-1.972485559531838,-0.2828072651121267,-0.5359987599530804,-4.277769010907995,0.06579171989290356,-2.8954520496173415,1.0949090847827814,-1.3286435742272604,0.42883829780528115,-0.5247739805979416,-0.8635221330147131,-0.2322280768663867,-1.7964811063486434,2
1.2356233732705106,0.38698140562470107,-1.5487181350485495,1.802652658971221,-0.1719742058854229,-0.4741212767018589,0.6304382104393778,-3.8720651390553074,0.4139958687215099,-1.246135252509458,-3.2940047977703393,0.2501057269302127,0.7765908310006028,1.5238906314082175,0.987075402909285,-0.9396853161813038,1.5402298658992666,-1.5983131847898309,1.8233244065093457,2.9832704589601815,2
-2.1622617032857514,1.172343984032211,0.6035852167062989,-1.2364874067273395,-1.5782903761504106,0.26548042306772296,1.7475221712877884,-0.8345060646001523,-0.732706789097174,0.5139643089793848,1.136222946608897,0.498224804586035,0.9101022435367008,0.4086505871681058,-1.9086877127708235,-0.26355555201653547,-0.6423366165658928,1.1441584717919149,-1.3469755459062882,-0.572105432056413,1
-3.165469335429656,-0.6607868310603322,0.49957624509560417,-0.28429034910364537,0.2538871906655972,-0.7641307175488488,0.8500794705756742,1.7599990777929533,-0.4263258664418094,-1.0047303600736424,-1.680491859481719,1.3440694054822808,1.0836916019162486,1.979859075225818,0.0308731842042529,-0.24786705924526525,4.598735456413223,0.6699427761606213,0.3034013250052162,3.21804717668667,1
0.08476901648663344,-2.8596847197448363,0.9163064731632048,-2.4628501872520454,0.38135158115491613,-3.407589212667806,-0.974646290112724,2.0809407042032833,-0.19098580847797167,1.6137695343847833,1.5353613907799577,2.952433241528194,-1.2979022511734966,-0.7665569959222469,-1.4933177252684207,0.04121277502800201,1.193401238805416,0.056687477298438156,-1.1769178921215668,-2.9717107989704026,1
1.9354655684647386,1.2623767490405986,-3.4591738559342087,-0.47652601350368484,0.2673544374262525,3.8177026250142063,-0.22538284159148525,0.09942810630763543,0.716309850566015,-1.5546937698562997,0.47320438756727723,-1.765599506400263,-3.030345267910597,1.9604213290027441,1.269266272924928,-0.3103239158053969,-1.4530769054157313,1.0054503350780786,-2.162098921375087,-0.47513025230710887,0
0.5865272882276396,3.9275312320807165,2.746268613598579,-0.23826414981345406,-1.3069854591359271,-2.5775047429169544,-3.2668710854405334,-0.38936238562710684,0.44092170941588715,-1.1748836560727933,2.413603484398103,-0.7772214862124293,5.795017654418965,1.7735305950404032,0.07535519985566355,-0.7125990819117928,1.3724529203421332,1.1578468514595746,1.2090946043451698,6.1856019819244965,0
6.390909046727716,-1.459407743509918,0.3955955684333335,0.6042966605685061,-0.505109415411509,-5.206233964013548,0.4578474518964959,-3.224774102957587,-0.852086884120294,3.995217913135817,0.7946182998358425,-3.5738434885627517,0.8790357656205819,1.432095179214749,-1.0752939033304105,-0.06276942449341091,-0.9151261309910623,0.014320402204858768,2.2141558855791645,0.4413008708010767,0
-3.7244605199494196,2.7766617118208763,-0.7013858055812907,1.1129625787434265,0.01579430105737277,3.382294954864555,1.158154605839302,1.430773195081695,-1.225821768681723,-0.7106511796439474,-2.2400960430220977,-0.8949981461965077,2.433044169846067,2.567903364587428,1.3897925797618274,-0.5423499736103137,2.6805882928562195,1.9517231704036162,-0.0507140758259112,4.653807201819227,1
0.2995827115731709,1.9020083747450114,-0.892583637753634,-1.6720903045440145,0.14342186871507595,1.8730563674851137,-1.867538245607928,0.2665026598522485,-0.2940473139662285,-2.3704506722259797,1.2805950680228906,1.7369076812128603,-0.7568136938195821,-1.3443879353655728,0.30038093695788537,-1.2064103339541286,-0.4162420307318181,-0.04782984619791361,-0.9864897252364335,-0.3162320380207055,0
-7.393336335832124,1.513801460638317,-0.5110671536233398,3.0837271989614705,-1.2783128203538188,3.9926063139403216,0.10130448053890495,0.4829995420238383,0.8657011788346128,-0.4721112221608203,-3.1013284631255034,2.740819227758546,1.940516514852353,3.1073499680013237,1.1573322956735501,-2.018462428472016,-1.2624579059606202,0.8297041293737117,-2.9957414328148753,0.4342165131055989,0
-4.989063219656571,2.206007468085101,-3.754711732791192,-1.419240993621137,-0.06594360833295647,11.05703428381254,3.9387860673737682,2.878680037044892,0.21523861318770118,-2.0173535409494927,-3.4179451009899577,4.735067980141093,-9.632001347031533,-0.004057127766664559,-0.19295885256670225,-0.48640908866705174,-0.04500603878462872,-0.13481352569439856,1.0380265349400295,-2.004098805591655,2
-3.284898686474419,0.8511853385101225,-0.17247181129319733,1.681782476086889,0.3414767390470787,1.1662506102034507,1.5002181540112889,-0.3338903288427719,1.402581417043068,0.3740922760058659,-3.3661100246830946,0.671403136190138,2.49620806700429,0.6777951860477964,1.0866608278509824,-0.5175334889131944,2.282781496315079,-1.180009087347353,0.8211202825041481,2.612573243307015,1
-1.5824795939616105,-0.2344451488484794,2.55829698025022,-0.3949409751390265,1.121076368449011,-0.3076525520123221,0.3185706221766875,3.0199431313223633,1.7963707747586768,0.6189362762926707,1.5973926156722578,-0.5698849088393627,-0.46216804813523077,0.46258347078910633,-0.5814317037171435,-0.9941057342308224,0.403464434834636,1.1984651733852205,1.1845544854548207,0.7503643592913812,2
2.861338320626268,0.7411566104533639,1.9960483390485546,0.11241302721093371,-0.6064017622469376,-4.279431704220864,-0.24575144376032165,-3.074953236136437,0.3964669716288463,1.3578952882054218,1.6061756530823625,-2.1027792666166705,3.8615357852587353,-0.32081861295869896,-0.005267776652484927,-2.363179061041231,-0.4614744980739744,0.4056644571998912,1.518658912552231,1.764583601660341,2
1.4676572776441414,2.4873272510513873,3.904989409159254,-3.696575436095804,-0.540014338570062,-1.061930933452305,0.610451489351578,0.8994106695103385,0.6005097972271872,-0.8283593176386874,5.826247320156385,-2.0794137143696387,0.509750305229734,-3.611555043157245,0.475201627947098,0.4328185412653227,-0.8014960737288161,-0.12508053197001673,2.2639971889879345,0.5733865971278982,1
2.37997827158987,2.105673002158848,-0.695533006444522,-0.6206470145640826,-1.1668292849211088,0.7707476343184072,-2.572288051276149,1.4317041147062803,-0.8770011627319106,2.364711030695985,0.24469837074454545,0.5706332352820884,0.8846731877254725,-1.1082124593914888,-0.9022498754642679,-0.14192592360688056,-0.12713823659788942,1.3279711693079097,0.8399683971442732,0.5404891639805008,0
0.16386996509878968,-0.8334373836560568,0.4592230864742625,2.5010850818146295,-0.31607335884173615,0.034434150102691255,-0.8093689625585838,-0.6406937239084411,0.3385830908863617,-1.8213627301266526,-1.4367331791592224,-0.5048935874967069,-0.3640413125368654,0.3440370687358463,0.8558933054052137,-0.1626442897771436,-0.39184202607628216,-0.7230156982860678,1.5836868605171475,1.174581823530089,0
-0.7515733353661358,0.5657329977095131,-3.6264216160348113,2.2704547112266904,1.3471592934086047,-0.5886142559077842,-3.3970232202998094,-3.1147750391591207,0.9374027104720325,-2.5634190290195775,-4.119594141017025,1.7803166852431294,6.140014623076619,0.17504432506192547,1.7176476866808064,0.6300931581315045,2.332094982037176,0.3411796290033564,-3.903979359414195,1.9609634954636117,1
-5.015655758376495,2.695701944414379,0.5636550610152353,4.205879057897178,1.2337872769596048,0.6792771876246282,0.6627802368869518,0.9299121499986494,0.024021027749844527,4.520339967566161,-4.5649832815702345,-1.2316330650168426,7.8134773281031356,4.493405708597187,0.5098251816073188,-1.1937262442757581,2.581886013490884,0.7294187242115334,0.1769335393993936,6.050829623295793,1
-0.09476056506456819,1.2305731879877269,3.4812881350115967,-3.3067042806891758,0.8425924426888154,-3.3264571610774936,1.3061742967468977,-2.688038420594359,-0.07484063612659135,-1.9412382118529965,4.837853519842893,-0.5401903064082845,2.819096984331799,-3.7459792220236685,1.0430704919703606,1.297753711787242,-0.8392533596807192,2.11268738714391,-0.15376485623009384,-0.7584788522036517,1
3.9645039131188944,0.4107339623577373,-1.0378399863625278,-0.8207340796557867,0.633646964071388,-2.9270874671586213,-2.72776183768246,-1.8777010106741594,-0.6238365173627743,3.249121956975946,0.9324063757892327,0.1396276882166274,3.733431485423305,-2.8979319108442305,0.348933827351114,0.23341546110730832,-1.4100257715775493,-0.3888097854593733,-1.734204876409414,-2.399728403905701,0
7.11032248028243,-2.4301560422556125,0.47293678335325195,-2.423386044217445,-1.285087969866526,-3.358807697471805,0.22962926398020633,-2.3050752336615465,-0.9111228918701051,0.9599698663469944,3.2493768249396,-0.6201347487294226,-5.124936315020023,-2.970485727902726,-0.32166358054911637,-0.31332087282762977,-2.749456080334546,-0.2858559561574305,2.530123635157925,-4.305326319898435,0
-3.1869075494074295,2.7061382488639465,2.809883709641156,-0.6748347042915468,2.428934738076904,-0.1582398027110974,3.1366904969586753,-1.8214987616342833,0.2228021017188606,1.0742089447319014,0.722297528693611,-0.09279478032069677,3.4140068287875347,-1.2802963445066973,2.5916947213095622,-0.12636599805613863,-0.015983732106504167,-1.61417633496484,1.5703630788172442,1.610638050224491,0
-0.4471476322417351,2.063801905503992,4.2992149811483475,-0.9273629484000525,-0.4090685863233753,-2.4951299874478936,-1.1644201970688979,0.2207772235832447,-0.5059063354307114,1.7547975102602622,3.6469697986644536,-0.26150154206646836,3.983673325984195,-2.470748181634595,-0.2776701970863062,0.21996209981516307,-1.879027662254799,0.8261618320092936,1.1223184874939114,0.20373740381550595,2
-2.9638688995979514,1.1731108175499634,-1.2966051894521313,3.1009483529154864,-0.8038034476563688,2.775705479211549,-1.550749415819259,0.8946588581611503,1.2878307886750573,-1.263691784051983,-4.095936948386087,1.0614643933997,2.4453482470453998,0.8687819127757692,0.5022100457070081,-0.10425431531645454,1.7199031296954437,-0.13149181198922538,-0.04103698086204166,2.9737317232629596,0
-5.0421012314813645,1.021742747612324,0.39348200665491273,3.7026432850315696,-0.8927279710372812,-0.3892024678117036,-1.6567759068925896,-0.42029012079615213,-0.3599331714808636,1.1326191740552374,-4.691393541934479,2.007894287627539,8.177533204501557,-1.0150441909659258,0.6875477146212243,0.4363281949032192,2.160357192727835,1.0486407091206436,-1.0410584081360508,2.5554634111588648,1
8.377349101542652,-3.120352952091883,-1.4394205130818885,-2.0139954100886843,0.8058272104247736,-3.9735261374011324,-0.1855375687813547,-1.2774359020228272,0.34122663269248427,1.5447615565230794,1.5185314953020301,-2.0496528230842515,-4.118184477348345,-0.7256668895591234,1.0012430080932584,0.04402595756180984,0.3988446972399272,0.7937994595098654,2.0236991507446147,-1.8702495092709854,0
-0.08072434469070272,2.156581596604164,3.1568627801472915,-2.55477753434537,0.9721281319000936,-2.950872849124989,-1.0915701580621862,1.6019340927573977,-1.0414664449416313,5.2122635266820785,3.8826335482160275,-0.22314933982218316,5.65850264513996,-3.3764807730139035,-1.4594948960263465,1.151985565847456,-0.9859252822810245,0.7674391270011889,-0.8546442997168668,-1.3370905678471405,2
0.9836269485214505,-2.8378029705061616,1.2390458190549087,1.0855475540776114,-2.127845721933522,-7.203065058761985,-2.609410940049366,-2.0415181682906476,-1.4102645281739967,-0.614371299547044,0.8659219188530678,-2.152606768130579,7.93186854167781,-1.3969023497657553,1.032893484091672,-0.12877425478424495,1.44321106144657,1.3137006117919359,-3.526467622162399,0.08341551882165005,0
1.7614637167491742,2.0085474381350514,-3.0853589255694724,0.1167617395063077,-0.39047499694389004,0.05430392744269602,-2.476885635604858,0.40108889001906944,0.40884321181450367,2.468665469880256,-2.1866507663437607,-0.9829015378118606,6.091226255036787,-1.4145739541584357,0.1476381003869167,1.3309985491296976,2.8252849702677754,-0.9621435288593144,-2.1039899631932384,1.943174273709152,0
0.5424544627146289,-1.7664607523492393,1.3477264545344063,0.6210958390428645,-0.24462508304127525,-2.496718424568076,0.799715688410908,0.8317053114817705,-0.36091932299328416,3.1963480887819085,-1.1476181726118935,0.18230166214353277,-0.08826375304322419,0.5872668287267702,0.44910809069038693,-0.8417729076788759,1.419043280219526,0.31967261257605173,2.4952278528013494,0.5290012850671131,1
-0.21176037348320884,0.023056615402990754,1.5067773441422954,-0.11963112964016698,-1.3015463831853458,-0.8195499348159739,0.11274470050597052,-0.06272926944905893,1.7557905435329837,0.42643759635535883,0.9922146727622554,-0.27807189596789506,0.9156755168938966,-1.667758980463446,1.179145716235675,0.4279666733564731,-0.8040813771450603,1.2486557538896381,0.5612684436513686,-0.6818190363418346,2
2.221722676930052,-0.4259411818838469,1.4243798436860085,-2.8599743249667124,-1.8153707896967453,-5.429482250537787,-1.5381256089882764,-3.5586829857128532,-1.3296826073926284,-2.3472826850014514,2.4438866073492918,2.3725651019953884,2.4962862441195393,-3.026658250293267,0.634080936752976,0.3128133167436986,1.2634526480557677,0.4073971776443704,-0.18677872254840722,-0.35761084237101487,1
-5.3220602316890515,-2.250248804162361,1.377886274750661,3.484317512929946,0.7560477759808097,3.5223459282484275,2.037153629126661,1.7547189293844534,0.8133710226294238,-6.027252463176066,-2.9834605194750607,0.390684539336443,-4.624288132528273,2.1036370622817846,0.5879282679978648,-0.49737414965028837,1.1419470360646984,1.093313378668319,2.5873940557294524,2.2399705209896323,0
1.4691715774478624,2.2637993807363883,1.1657025694541283,-2.1875521952239754,-1.4400225578501806,-0.40459405324224557,-0.36357075012644996,0.9423423257549626,-1.8007174883715154,0.481241803271609,3.2877492117600293,-1.8559188819968573,1.2809201482603059,-0.29244323844955866,-1.0432034011890872,-0.052085761646117223,-0.013505338708239611,0.19358699506569838,0.20416078720732345,1.3857131700656056,2
0.8179903514706498,-1.167074183156001,2.1750809152410375,-0.8723679613846786,-0.1671111278986771,-5.4152753382811145,-0.4689210886378238,-1.3751323483033602,0.7181007888740204,0.5771146419886787,1.4503459039895998,-0.21735321454753243,3.824826043488579,-0.6659184987514473,0.5221815959136071,0.7021929116496299,1.6092362803443134,1.4175622239040202,-0.033533624221482206,0.8238256694963667,1
3.234734570125693,0.029095629915054877,-0.4457045746895254,0.2680050636154615,-0.6380730352667855,-0.23336909737560133,-0.26194634542238826,-1.5999261257352586,0.4441164261684147,-0.3999473068957293,2.072971979368778,-2.515375950639221,-2.063418931501501,2.061144383379461,-1.339267121988083,0.694999668887765,-3.0550997254861634,0.8282663567889997,-0.37596901871193034,-0.6762852554027442,0
-0.7293256247988253,-1.1776471230455905,4.5887082847538085,-0.4512422241559443,0.844928641765585,-5.511395438148256,-1.9019615115736104,0.7547475832251651,-1.396193316045886,-2.2463726890673743,3.656373040149286,-0.27725335742918344,2.155600120966707,2.525278151804459,-0.342621129847713,-0.14554497363977073,1.087236110138006,0.916240462969932,0.43781262234889506,2.8712738809107985,1
-5.555611055743929,1.4841023565128086,-0.752374959194869,0.9979267111938572,-1.2577039911128594,2.734259283070309,-1.7132716239966312,0.8511858072088039,0.8188063521069772,-0.45672035125092114,-3.0656498458916706,4.9115528482804,3.3320776678625545,-2.5069986232284345,1.0125637066960274,1.1863432356827102,0.6434771951700549,0.5903198457071825,-2.246089374385665,-0.8844454721768198,0
1.0737095537539647,-1.8539088636790648,1.3022973710145282,1.5953782200889317,1.4346987329613872,-6.683513738294626,-2.695287033729206,-3.4927076073494123,0.6051153345389434,-0.2992780625576758,1.7610053459090147,-1.9359886289630555,6.879366888742884,1.118140904737394,0.3911072442408998,-0.13451512782328243,-1.3058455375845208,0.5468017883385883,-4.08145077176485,-0.2954847865324369,1
0.6029419031956667,0.3355747094795406,0.08419272992094562,1.347293686359265,0.8496840249283797,0.08650415541690498,1.39000630607137,-2.09591499867551,1.0525504945983397,0.09766735974140106,-2.3734457461858742,0.2522506137933962,-0.4447715928526713,0.0764695424757067,0.04999442712030695,-0.11256052914617856,0.8117304272218222,-0.852379241858792,3.3558297822985135,1.967918287706998,2
0.6467955996048903,-1.0535180230717538,0.5061211324423964,-0.43078042799727323,-0.31575800821709465,-1.7352115344938366,1.0896566513589883,0.18076205070621199,-0.6851858784105075,-0.12088223329036851,0.6561634272906005,-2.1898552971777123,0.8272525344683612,0.306143362801204,-0.4558827353720192,-0.022965900314450522,1.5012067120572758,0.4620742558975168,0.02981641094794002,0.9062889281586411,0
0.3591651624268966,-2.8991894706295374,0.4309841348718345,1.6694573472663716,-0.9432427626437779,-2.9231380296246927,0.8136658035459421,-0.5280957624886808,0.5699013964426419,1.8518546802026759,-3.184664034660293,0.8293719545340126,0.3399039752314349,0.03695877865221375,-1.2558167842423265,-0.9254552480990578,2.4855193549345875,-0.8482871944946482,2.4675854831436688,0.6727246536389203,1
-4.232978726239684,-3.7125970996057474,-0.06857912686289519,2.712056224596586,0.007576659778061981,0.4733156681118869,4.933451981247136,-4.315864104931854,-1.5878747688613812,0.16955183597835566,-4.391125399174426,3.9658411047985047,-4.568037137613434,1.015822694266241,-0.0820306363091581,1.7405212298373929,-2.2545029884543366,0.7433635615069141,1.0072795765190077,-4.127322386817099,2
-0.31858740817132825,0.571395767910064,2.3373023841872316,-0.30320375761936047,-0.2856085173890448,-0.09189944947542411,-0.6965239879131474,1.4500116739488038,-0.71005905662051,-0.3304171616899631,2.435474603977506,-1.5518369806639567,1.5105696022965514,-3.153043303555795,-0.036902840728767206,-0.5495377985779493,-1.417826476221214,-0.010901197099380455,0.34837458524089626,-0.8168604938541103,1
4.01400520181065,0.32297611800824777,0.28933379592995,0.5516707645723353,-1.890260196687171,-3.4037952479545925,-0.6278077540989463,-1.5463985526598953,0.7898260704176857,2.7177378178440987,0.15021748547578712,-2.359728356558816,2.2913672914872927,1.9438200357991948,1.889307222378654,0.8188640655851059,0.7425126406571543,0.7511211907804813,1.7867436321635035,2.6939658024133464,0
-1.477625680387978,0.763470905456823,-0.48639350137079274,-0.1443592099270452,0.7142374677317087,3.9861330277396303,1.9282596756504735,1.4037761209063386,0.6969971029231489,-2.098036986092816,0.9676427041494957,-2.5727745208592445,-2.113273683782872,-0.3630039360049129,0.49910644197992277,-1.1218488443481371,-1.2003800464506118,-0.22777127624396384,-0.8259583541711957,-0.5804439372761645,1
0.13250753330080656,-0.7978325417816421,1.8600720632980694,-2.477601361071605,0.5551408106255694,-3.5401996171088013,-0.7476671554415799,1.3865230137831155,-0.4004872448671374,-1.2525490440722031,3.041183113104716,0.8322570163249546,-0.8536578270316035,3.688430226046453,-0.5257449832680463,-0.7467038962808958,2.2638929672759884,-1.0830289045923183,-0.3236064015860515,2.148177195967322,1
2.763178131601005,0.22939585244031646,0.8994243508557742,0.4914136568368003,-0.27151118310388506,-2.5006472847907735,-2.665949794965926,-2.2399013772869134,0.5622889179004108,-0.12949656398656373,1.3151631559222672,-0.033368135624966155,2.316278376071354,-2.5022558724379715,0.16711659922497588,0.6320484771210559,-2.1731615968368514,0.4798283715194892,0.16914959901436238,-1.0416541591689172,2
2.3857648734580184,-1.1714390185847612,-2.690825219388824,1.2409644830560955,0.39119015882625124,1.3974019110267768,-0.14970473688207458,1.1841212491377735,-1.3077999067530763,-1.0598383634195976,-2.868308068850918,-2.043049516191126,-1.5897955280464713,0.6628572993879891,0.26699609685770814,0.4185693262294482,2.940919233787394,-0.2842882277692054,1.3149723575523562,2.1807949256342303,0
-1.6728598848754155,0.9924578669073684,0.40473598766747865,-0.5152453423066441,-1.5947124045428194,1.2571740022124638,-0.045918138354397176,0.31255430594609246,1.6321522438452944,-0.6732195290058401,0.45895493213240146,1.1424246771931765,0.22627529369089108,-1.1897937577481086,1.173229091293498,0.6287543145278464,-0.5904832987996178,0.000875586240620727,-0.5015431901966054,-0.6390132921504807,2
0.24073745275065217,2.601484993424029,-1.3397488535106796,-0.8841007208132099,2.070253084867195,2.263945149112283,-3.3145594275580414,2.9857315529354906,2.4390231871773165,0.20780196414442964,-1.1512751221416093,1.8957033445076412,2.1279787048732914,-2.665200448219715,0.08831454946524162,-0.47876251908483464,2.56697517425394,-2.772838743096468,0.35493682715626673,1.836211904785037,0
-6.577482358638362,0.9473890452444131,1.3678503395536674,-0.3939531890236845,0.21717637258489192,2.521617377136505,0.36002786465177217,2.1161609338805856,0.5621895306852417,-2.19973121198074,-0.7265183635573859,4.629880735596549,-0.939853660759238,1.0963075541484246,-0.16462909752818766,-0.337502066157465,1.0659935297495085,-0.715393571239174,-0.5628012396490389,0.649136324945281,0
-3.5121928582255584,1.5460470509106075,3.6727111345976375,-2.0572610896588124,0.20158396064036266,-1.7721040447988974,-0.6388887879077987,0.25483028025159926,0.9064245874010424,-1.6471959200071526,4.607226789435542,0.6680363434804115,3.643583645531116,-1.326826945944156,0.7793004727322356,1.1054124052149825,-1.4914010410279561,-1.006287753837945,-2.572816168309563,-0.6836078050685167,1
-7.894927639078742,-1.3747134502748768,-1.7232104245485034,1.4457797580357068,-0.5097897289597362,5.321829822717572,5.796484448389254,-2.4401503647477867,0.7540140713944891,-1.0018361370834397,-5.34253595316226,6.316108896346514,-6.04919723497112,1.4883046002740676,-1.0041124247584468,-1.1079252261948622,-1.29527483301756,0.6328186361090995,-0.3394812051158509,-3.7978251003311234,2
-1.4192259476332614,-0.2724966050287536,-0.7293487956577631,2.5544173730191604,1.2725406325855013,-0.14764150277881335,-1.1206532720302627,-0.1041355663909766,-0.10962585048771523,-1.7580392824766735,-2.8111656068635718,-1.2163109640487049,4.226086477120805,-0.15895585340045343,-1.7225377425938015,-1.3244665638906121,2.4278926958366926,-0.21816918245082972,-0.7525850484113419,2.750188989500711,0
2.394152781288119,-2.8632248924706505,0.29865872984352343,1.5735560294278335,1.7634856074177445,-8.240309164577491,-1.1291816829806698,-4.894072915175884,-1.3898470660572528,1.8927020300730448,-2.2498691793740546,1.4835656958049257,4.322818277691471,3.4067340959456818,2.165879741391191,-0.8930305019085192,2.5301402368463544,-0.16100816619470118,0.19789405473818833,2.1822845778073967,1
1.6024357405295142,-0.3867227786430901,0.16494428938805117,0.9826162203975837,-1.5424162038886688,-0.28751034501124634,-2.1851567988387153,0.5204302765975268,0.16249851024908865,-4.585115139273163,0.6283269793094944,-1.8599305031683708,-0.5858654723511527,1.2555962623852568,0.24068982229387786,-0.0076678020480680726,1.0797968391769652,-1.1247465308643787,0.7267534437801556,3.0156200629176912,2
4.642264783634114,-3.0254907739090817,1.4235417188680675,-0.9338186205132197,-2.170160938560155,-5.476500325771201,-1.9116826812805352,-1.6487521200546675,-0.650172272086158,-1.5765312007676826,2.9662778522151934,-0.9529516812675378,-0.8433929481449008,-0.9101261211808351,1.9659458520065505,-0.9554018651065527,-0.658864876661394,-0.348597716534829,0.369518761357303,-1.408198873573226,1
5.096825190725209,-1.7923432363754968,3.147535339765339,-0.5834120116997354,-0.7125546539848696,-7.857676895559183,-1.9186114772807503,-1.5090203493300693,0.3825408204950677,3.4287870294358544,0.9024625196754534,-0.35576889877005946,4.472081588629301,-4.541201883973026,0.04179908472949723,-1.1532776534114078,1.9257319435769413,0.07336098816887582,3.954550443320685,0.5475975343930515,0
-4.111158475282237,-1.176740897220958,0.48250314316820175,3.4730124967746927,1.290180638778603,2.106168799006956,4.223936089788704,-2.998713052867203,1.505321519972564,-0.672307543054655,-4.868065286699365,2.4955555071546485,-3.3452773991893356,1.9712871886296774,0.09442737971475966,-0.6208842391872638,-0.6044597992274803,-0.6921470503760725,3.482477762384109,0.4481407485474672,2
-4.924825994661274,-0.2928418532021966,-2.483351892521717,0.7807005628227488,1.337422041572723,9.564878774480174,6.052348020237787,0.9101701012258363,1.8993837609679463,-3.0332078359201016,-5.564093835164298,4.492501049488345,-11.715832975788661,0.5388109766353149,-0.6595378722631089,-0.25470594087176274,0.4097399012219376,0.3324734310821079,4.557548456879995,-1.1952696947206207,2
4.5605746931841935,-1.1684719947663915,1.0171261711656676,-1.6824002484555054,0.4655921753951986,-6.4406575267594715,-1.9874283456813302,-2.0445287022917755,0.9416533909405052,-0.5902301373147808,1.6356052360256106,0.25047567689573147,1.4702115011872632,1.2600129362462913,0.4466405016553858,-1.125049059547313,2.83149739879619,-1.7886602576326742,1.4694424277085385,2.697467337654978,2
-1.6456361240594768,0.6382081242396482,3.018675586408497,-0.9787095259587184,-0.10132902281809021,-1.8436110593743456,0.9208409236817032,-0.3330574295152847,-0.9334385138729933,0.0888084118470226,2.3732804200241917,-0.1606799911239049,1.8839442204490386,-0.6791537963060813,-0.6604695199582961,-1.3341607557492254,-0.5118487768923068,0.23788077019964818,0.3783265721271063,0.27066085582240396,0
-5.070808401510735,0.9548647556638648,3.482372799777985,2.6627930956271864,-0.16118523821931702,-1.6958309000475533,0.8582013020701369,0.5277926602796872,-0.7297874874885265,2.177273243480315,-0.9153516188650409,-1.3621484009318534,7.012642069930152,1.0337429407563552,1.6355541783488972,1.02919059020358,0.7549604715056486,-1.338682741545504,-0.0032606390932023444,3.0257043606255043,1
1.4265380576763576,-1.1578823298185703,0.31846020410156506,2.0964864424588985,0.40447532285054083,-2.135292096292997,-2.6875516680172264,1.8800106151763691,-0.7146757897840716,0.6852081325233561,-0.6087212388877452,-1.621306139058475,1.3920285011080726,3.520608152612599,-0.0022127099597559416,1.5925978553403537,1.3483232952237363,-1.6702940057558509,0.3220630729578564,2.9477673900171357,1
1.008751158446307,-0.7222272650207486,1.9497920184285662,-0.6157224219154789,0.06118220714424601,1.4630502420557596,2.0100416762212827,2.9239605924522407,-2.170219000302106,3.9717963528610136,2.6134061615915902,-1.1055767112949044,-6.319289208103114,1.6533477870427271,0.33986463328470484,0.016504455311128593,-3.816338706183805,0.45531378783033694,2.49517288579065,-2.859883704421953,2
4.295974094876252,-1.3627625689113374,1.8212917861297673,-2.015793814336301,-0.39020450596025524,-2.329113160310824,1.900847671514633,0.7111571786666078,-0.7005269906110326,1.9067637747308837,2.5648652087657213,-1.9073503253733304,-4.536030886219751,0.5921116896783133,-0.8323499145880878,0.005714110552789686,0.15859368789065242,0.350350320805497,4.1854118317288735,0.10427752159402333,0
0.6409780405438373,0.7763640146919746,1.1630595550167555,-0.5311982074287394,0.26870545294687354,1.3604998023571946,2.8242473964570087,-0.9853984115058615,-0.006538543668862031,-1.0014098057975729,0.11605411923448686,-0.6221951713634672,-3.1143131247559284,-1.0924339380441856,1.0227605566412248,-0.514932362981204,-0.0012143505264772259,0.3028952625429311,4.151871804438727,1.0686392204873338,0
-3.6736643379068568,1.109057516757233,3.817599162351405,-2.4046382678396574,0.5387771269189496,-0.7728916038219205,2.952562776341641,0.010434141101761885,0.36096088772505125,-1.2346762262974678,4.427891188173722,-1.4831140466586936,1.9548125908229959,-1.7247623048577505,1.3892851290935988,-1.9608507978328928,-1.1354140534112773,-1.0811393326732892,-1.1549987818596863,-0.8012252944090605,1
-5.914231483944521,3.4741230918346964,1.5746780191127328,2.4046946273017453,-1.267788564261654,2.413969294433206,-0.6273155130829727,1.5683809591802342,0.8640580536141788,-0.009033926276052318,-0.5764736930360087,-2.1075233680361976,8.316453330944677,-1.1419055830784104,-1.2050891663637544,2.2181609054442255,-0.1132754055045544,-0.5029710109066279,-2.535934817018869,2.645615377261226,1
-0.5035426710065803,0.6679646184406596,-1.3597000626614064,2.1322589215386363,0.024107168287894772,4.685105534167625,-1.014666338446999,2.5175029037428645,0.8182266164596151,1.0445937550625986,-2.235981812716739,0.40006508269876573,-2.502152608627707,-0.7357428674083675,-1.2486884854285891,-0.28749098012453,-1.7390438306383147,-0.4931232515794686,1.0799653893774903,-1.012477027134149,1
-0.868101632915946,-2.320019538888537,2.670597220583706,1.3222677537441774,-1.1242767035241603,-6.588114183529365,-0.4218267370143648,-3.1666598432153474,0.2744012050523572,5.825299022242297,2.034823510987686,-0.33065644088722757,6.49186366195391,-0.7297800854213461,1.757071341531166,-1.5423301975893506,-4.728051510905172,0.7745828158224525,-4.30165016111866,-5.347031308230204,2
-2.693291506120043,2.8877035369697976,1.7765380107629039,1.5446415422778084,0.23843984438833973,0.7144014724712239,-2.957122988323701,1.5444815051543128,0.4829567337840797,1.785522469037716,0.02363142404105381,2.09568242525008,3.123659472005555,2.093366477884758,0.5341144682972696,-0.06297691981449226,-1.3072247807509294,0.31291798890117123,-0.002641325751330248,2.143954606831983,0
1.6015999191892762,-0.6145688566924365,-0.9084928161560917,-0.7310658310716553,-1.6721595136444953,1.862776591336578,0.6103387121339792,0.8519847860255534,-0.08374738765171298,-1.9590026761329498,0.40695340891868437,-0.9187800404168696,-3.856962231662226,-0.9275703606909287,-0.06405643464573949,-0.6468759020702652,0.017027734995536226,-1.7220235808146191,1.0527594068449608,-0.6538050520561337,1
-7.151115537617501,-2.1015098150786438,5.747735028837883,4.263657565346616,-0.9747908775978402,-1.7902845294951943,1.0066695790858424,-0.6303009499182254,-1.0244849990154383,-7.684405270472823,-1.0839884880270512,-0.10671867990347816,2.08892472214994,1.0471162325035088,-0.12666088153077432,-0.9339419074180085,1.5295724918712588,-0.2720943974841666,2.654460666559136,4.564586204623522,0
3.8434938637530482,2.148500517234732,-1.796384722281374,1.1862536830608394,-0.039904311589052395,0.7500804440739821,-1.814143086241851,-2.1504108723547706,-1.0331362400785684,-1.662168109806725,1.4411450111677464,-4.1091912394138195,0.882960164088562,3.224770710202624,-0.4434864390182549,0.1596777618308206,-2.2421912984058476,1.3676605136511624,-1.327855229153598,2.335473585967098,0
-1.7814743037208067,0.2660785467505392,-1.0868272624298712,-0.7233420528175633,0.07261083423621893,3.1981510322509483,0.07893609736113283,1.1756036735964375,0.33281979894319524,0.5330590613376722,-0.00879076501918189,2.219001730080936,-2.195759829950353,-2.0992308411648657,-0.12624814774958787,-0.6433970622003758,-2.2046001166663007,-0.6136312383802843,-1.7548180018719248,-3.9688944568797075,1
-3.8149126031138696,4.117216373708745,-2.566514060323495,0.22616065763043725,-0.6736325764305153,8.449807815771095,2.402957482417288,1.8937621735485979,-0.6555425358109414,-2.1163063037928005,-1.8256858766729749,-1.849837182585923,-0.05554174490068187,-1.3291000896058112,0.7934524888344344,-0.9180082651146999,0.44947815266870544,-0.3577869084808121,-0.9309711399970103,1.5686368769827743,1
0.398455123979681,-1.2519915666271977,-1.8388815677326655,2.495259476807192,-1.5786201484291058,1.623759596439458,-0.3294096023118608,-0.2796666681084127,-1.4401211290794125,-1.2271128978334123,-1.6239239837020514,-2.1527586034588033,-0.4738379502791738,0.4550172637622467,-0.04620147110896539,0.963870518999406,-1.2266284882510783,-0.4239476620747893,-1.3871375039217786,-0.8110119169270407,1
-1.992536822576909,3.39160118867885,-2.6808213422883163,1.322695328950176,0.008521072738391776,7.104605097568001,-0.5446436804484971,2.412168157474538,-0.6795143155756067,-1.0067573054292236,-2.533540100396577,0.581401910028146,-2.161850543650827,2.035126864770194,0.6249536980641566,-0.013662923339917733,-0.016098145306948697,0.251331260458493,0.28768914894024733,2.3389350530275834,2
-3.8450936189033174,-0.9957378740854557,-1.2918722377479552,2.7085922022795414,0.8548070356513602,-0.29284030628815677,0.2505932963224595,-2.9257344302708472,-1.5106847034140596,-1.6712927963039699,-6.2332829131225145,3.9215733317868287,3.9750920048738396,-2.406258817285015,-0.0387147689465107,1.3907631720334803,3.3263666706693753,0.32572503424362986,0.11606680601519814,1.0349665587599652,1
3.787034350335032,2.023551955741886,2.3257465095754988,-0.13698321288334392,-0.022780630445084823,-3.4504965122158233,-3.095770261728176,-2.32746430975818,-0.9434615786943489,-0.7107475872697934,3.612444367956868,-1.8825335328087092,3.469830061994817,-0.5736591327467344,1.111386925431259,0.8096282780621594,-2.12581351112392,0.5292829920311475,0.9479556508914502,1.850843695127445,0
2.435559142130615,-0.646034247337864,-0.6040877784514451,-0.32530916871564,0.35682849865796107,0.38234830998723285,-0.061730519750653634,1.5938282275904583,0.2816017539623824,-0.4460237796473949,0.20262293823771715,-1.2084407413274616,-3.5621264957615493,2.371857659288622,0.6160542355371026,0.10448654160568759,1.1981318211106307,0.3034422502910077,1.8553228371771409,1.688561941460442,2
-2.722282349359316,2.0867726329107312,-0.8056389522200618,2.2991571028280835,0.030013842616624525,3.0389403205021606,0.20858868173657796,0.9634102507548885,-0.22282161418672475,0.2652096204891199,-2.607511564598542,-1.1605069365474192,2.8165551769136026,1.300318115422212,-1.330640153846021,-0.5986481381993365,0.9847130484701516,-0.5963999059798073,-0.1673493925286122,2.992671664701687,1
-4.3049935756321664,0.4312707152024715,1.2259820960345107,2.27492219095913,0.4328864946404487,2.92116037815584,-0.14295756010337873,2.862989696109944,-0.5218957376082406,-0.33232759687362,-0.648306320311139,-1.5717829795825282,2.691075307027391,-2.298526580083358,-0.9245598282041674,-1.035597974779926,-1.1055063495808333,0.27235248759196323,-1.208478884200472,-0.6004834074012517,1
1.7856549745617374,-0.861325210759225,-0.7263643001502262,1.1598073782523328,-1.8448803728381054,-2.3422120689873167,-3.2118432876213276,0.04121265301843946,1.704110520866804,-0.129032580429901,-1.0488032991605076,-0.04584911326763719,2.9770553475137613,-0.14520075907825009,0.0529610899146122,0.48752205869567816,1.459195866917488,-1.3552054073404338,-0.7740432343588515,1.164602508134751,0
4.1595651853177005,-2.0383713971414457,-1.4543625492344359,-0.12259580996839636,0.45063433992680635,-1.624753242910987,-1.7800490413839387,0.925860142735224,-0.521167367008148,4.822077670144897,-0.05947096046211572,0.3153179963769881,-1.5980232680673594,-0.7852624123041981,-0.9150837506108667,-1.651683488490996,-1.6942400614777866,-0.5409272285948689,-0.39309389532034966,-3.8271001367753077,2
6.6949437303154244,-6.03869966221051,2.116166792956353,-1.2449871597995261,-1.0361717752673318,-9.820605916841878,-3.700615305031354,0.615496009526901,2.8946841304733337,2.6929824148009116,2.2662562967793516,0.7799271368851778,-0.7404758104962599,-0.7043922599600068,-1.0670296045940793,-0.18696842946794323,1.4820800133291758,-0.1205704567692146,1.497246234794819,-2.214646684008378,1
0.6967083304974133,0.3355338150709183,2.359033240364364,-0.5116739761102493,-0.08645742057300403,1.148005698461682,-0.1265540912657857,2.590862125013109,-0.04104785170187289,0.6880455260782068,3.711309309015332,-1.8225263066894384,-3.259531496968941,0.25629506833222293,0.862356164470016,-0.5553682568228798,-3.498408553885392,-0.3847560032107115,1.1197258001165291,-1.5129279799630218,2
-0.9311875561243409,2.8249255737708623,-1.7305515400007527,-0.09225626951683757,0.15846118511886256,3.5970990241589424,-3.2195820789452476,1.3629647955931399,0.9540976603759755,-2.4668519054267275,-0.2904183776893651,1.3286457692069027,1.5387768290610708,-1.6993745009313255,-0.5950987410478299,0.9945909288357225,-0.05009472890698746,0.7187082925761192,-1.8767981859782736,0.6796240881777131,0
2.34315155459725,-1.6375440248952549,2.9792960579043735,-2.18974241022653,0.5833469497415206,-2.992671333616034,3.0440559070629916,-2.1589071198015635,2.5421063486698796,-1.1696836000840483,4.884911598952692,-1.8545260565272825,-5.023643915035532,1.917718345977988,-0.4600020641118057,-0.32713704663827264,-2.751649058330061,0.7855463198980281,1.8082859882588531,-1.5049228572299376,0
-1.0251285382228292,-4.0889698188272785,1.4985703668287031,0.5480872519107942,0.23656889341322374,-5.649110134158394,0.6189680917562641,-0.9502137169782203,-0.7762764839679763,0.2784486269572565,-2.2547730930327172,1.9056510249673966,2.243954176140305,-0.5966232025709757,0.35087053459271467,-0.41504630860954944,4.069526615788251,-1.231041982815341,0.9703826415104346,0.5305839751555855,1
-2.0242869470048346,-1.428202629213608,1.8368593729568423,1.3344026615147715,-0.7544376098037607,-0.7492481823297735,1.2426707666994528,-0.17303994824612168,1.0530192099399445,-0.7075812934051449,-1.3054137835266877,0.2039413863200914,0.7625592665456725,-2.149513359806189,-0.85034709797423,0.49940348661769834,0.6849176500728592,-0.3988563971108943,1.7680574792434118,-0.05026823206559965,1
-4.876806361952162,1.9364295476686229,1.4658046775031748,1.626463495232987,-1.2601726806541929,1.583667575957176,-0.06177511382259121,-0.5302911438756244,0.9419029617610208,0.21948512165303158,-1.500140665426798,2.8380877105574354,2.6617615561478654,-0.3358302853558765,-0.6339934632565143,0.37831055964085886,-1.1148074494561706,-0.3599684214241245,-0.10136325620167885,0.4297270614603396,0
5.220461405518823,0.6897533426684981,2.6385049777961407,-0.9619026364850514,-0.14704806469804693,-4.943713128739969,-0.9644792358139523,-2.115986196704343,-0.7622477777605499,1.438245322689861,3.722752510152602,-2.6086821785137535,1.148806939784892,1.2864096022934552,-0.08106186188457366,0.26436192795818286,-1.0751875504198027,-2.0657020978301204,2.700593536379583,2.1358402161846355,0
5.097483766837471,-0.5086837283031203,-1.257339957799793,-0.9031534353563975,-0.0398309952839805,-1.9171058197004052,-2.204368937150588,1.9795186530199227,-0.6291561861216989,2.94247830293312,1.138311638928104,-1.5527629900414652,-1.543987852028509,3.3645688102330435,1.1566180339150134,1.3876308807840452,0.9268598000508051,1.3747772889209522,0.4540616408413575,1.2808930929759912,1
3.905627437733327,-1.2842080913983935,4.167893139240307,-2.941894045608048,0.10486503307861315,-7.356122536829427,1.0720289657727622,-0.17136916971883587,0.9996770969070387,2.340288465306914,2.128161158725713,-0.33808802089727785,1.1088882454644966,-1.3062362636856784,0.9651341243644523,0.4985301921556723,4.56586264715776,1.0673798415063,5.889925812224302,3.366943911095557,0
4.494858252419533,-2.398658874524653,-1.1829161865451572,0.35626502912367447,-0.7036867654919974,-0.8693479954807806,-0.4123526519500894,0.45095820107118456,0.7445896031071664,3.2945866189841952,0.2674884122627901,-0.8640258329452644,-4.519752155168121,1.3901276421637165,-1.1766874215550533,-0.742279685508737,-2.3083212293577464,0.2831494955184188,0.8814972545241229,-2.931053460203616,2
-1.7854783805760288,0.3697757243654566,2.1653739859805956,2.042596108252354,0.5451694612222437,-2.590349622300962,-1.4966926126803393,-1.6952629651165674,0.021404045400808237,-0.9762433609120411,-1.482362946295327,0.9974470441693504,5.432931785766465,-1.7113598222207775,-2.4809745673016015,0.18016214656648327,1.2256071795753947,-1.132876867847411,1.1270003318565809,2.405898777858814,2
0.42252807254929964,-0.4402988641424811,-1.8624645529070136,1.6335384260993262,-1.5861688669408665,-2.563820691245077,-1.6829919046479571,-2.4864027482101156,-0.111927250405041,-0.2533202007633676,-3.4336093047418865,1.651683645510528,3.393369529695328,2.7339965683180085,0.3219364441896375,-0.8182319835023398,3.0270182349619423,-1.8420827576087888,-0.7597853888413839,3.0697262582545335,1
-0.8293938063235304,-2.5348589481673716,1.24831086950073,-2.0351752315431795,-1.4696260511465133,-3.066895070872021,0.7442828795708161,0.8758483440150289,-1.6787227623485266,1.2722827209556442,0.6760176447055328,2.688237686011673,-1.1002076108326628,-0.7478811350013144,-0.33023711102424674,-1.1040933111705458,1.582541883102523,-0.020027196843524074,-0.11341240267494734,-2.093221952173518,1
4.18626559990851,0.9071463519145995,-1.6159318773124427,-0.5732958911436083,-2.173351079895689,-0.0504028756246225,-1.3226597335678933,-0.16230425624200073,-1.9740078022656418,-1.7839272815633442,-0.4363422400794747,-0.5102281015859935,-2.6418625143089542,3.3021071291793302,-0.798472511187592,0.7267305457153483,2.6039217420988074,-1.8122947792484574,2.6631723739163244,4.408649655486119,2
2.740136139572126,1.0862876252210525,1.7504535822760545,-1.2828075958509046,1.696791098740288,-1.0754633982025503,0.509657932661987,-0.992543281720446,-1.3056713470362415,0.6708513488589154,1.7058690847093219,0.08932254005355111,-1.996114561372744,-0.5176372226763951,-0.4570138198521978,-1.1352253558884424,-0.6157068696031431,0.2254101426299924,3.864734703481322,0.9694836047545178,0
-1.9756549830240908,1.3174882941868014,2.6773754718048983,0.30190907766109665,-0.5056883931084507,1.037909285274177,1.0054028267427446,0.9708270104739658,-0.8740604823997152,-0.22496304754404717,1.398467806752454,-0.6470632039085558,-0.30469212179646926,0.1568349025052308,-1.8159319960198228,0.4985108042011814,-1.2264746681744452,0.20932685149187039,1.8516961218559236,1.0598303067560684,2
4.844547713946921,-1.5749320741675745,-2.135764272528341,0.9573889261681836,-0.9203904278356327,-4.340016103472939,-3.2249909980657607,-3.4583826949883085,0.4497284755061113,0.7725667491215926,-1.7446065861496327,0.20824444757171512,3.772681450116394,-2.065802295217776,-0.836851563487394,0.16695961439579357,0.831991733428058,0.9639448490796676,-0.9625643858873982,-0.6210732624255458,2
-3.790954508968127,-2.246840689729354,1.5286492692771612,1.2016115218588443,0.5342853792078425,2.483036346087129,1.5722032107144819,1.3274491123717436,-0.45059972468403203,-1.591382097056092,1.7143981706304863,0.9869547435816644,-6.516677656230535,3.2264925930382984,-1.2012768987579148,1.1656166491111606,-5.041485159926735,-1.7035821602729582,-1.4459242158166707,-4.145148081512723,2
2.846216968661164,-0.1017488938532427,-1.1358621498433272,0.11490430177642563,-0.7974605228064238,-2.1564050721931007,-2.232968411929132,-1.0207020437331087,-1.7519635347055817,-0.32103459357378417,-0.9849214253535267,0.5792556875288166,1.1666558015014818,1.020495344619604,-1.8902406641369962,-1.657932993720959,2.036180204131366,1.3483754483380468,0.5844028074898526,2.203723529729587,1
-1.853157983178462,-2.070849645216616,1.769708227733824,-3.212425243890093,-2.129810183859867,-2.0632205301411335,1.8135271311460697,0.8589062351290402,-1.7454406299209375,0.7665135645673037,1.7585881623401247,3.6486692395684295,-2.792218983023037,-1.2755913875651885,-0.38338190226126884,0.6246733536989466,0.6656558148397121,-1.7335702284214536,-0.09374662358129171,-3.2735095952764612,1
4.018670715670629,-0.9110106014032389,-1.5657111483340969,0.24560493386730714,0.7751445506114306,-2.775367833159792,-3.6908297692036833,-2.282867634301911,-0.9763393192547701,-1.9519429306779255,0.06102528352804043,0.1611060790613894,1.8553356769296072,-1.464090691509468,-1.4345623784678974,0.8586029566244989,0.10644536466568943,-1.4442213202567409,-1.3300416933972388,-0.34767532072779345,1
2.5996931727254715,-2.8348252052979075,1.2341267502232376,-0.3443153475790647,-0.5935903593905646,-6.225563926483715,-1.6600849089793615,-2.7820976789836775,0.29402495961091474,-0.3438524971832716,2.4859311972277642,-0.4754369490859498,2.024123905041753,0.1792449270455443,0.6718763164925986,1.2505572465103996,-1.2100850067772648,-1.5335006108119764,-2.136743804367424,-1.9754542647379296,2
-1.8447830799565046,0.550624760993387,1.5660317943102804,-1.6329687243719992,-1.0667675546846611,0.15550335134559484,0.9007456450500364,-0.7481367136334667,-0.11782971759325418,-2.430276008736244,2.2171422935312837,0.2131134961240032,1.1541164232589993,-4.027180013598583,-0.5321615134814498,0.2361841552978902,-0.9113978814477,0.037676204708587735,-0.9853345168576253,-1.8754696101420418,1
1.242076339869164,0.9515114946565014,2.5959831970559883,-4.141377813269397,1.3705086531082344,-1.3074057189942527,-0.7670318733978485,-0.37474366143525806,0.6189276135952376,-4.149426718620898,4.505683541814389,1.2934771373827845,-0.4556879759587524,-6.432739956450911,-0.5941201885449019,-0.7482709979740649,0.0921982913633847,-0.37600315706297405,1.3208570020474666,-1.3708951384424868,1
-1.9327431792904035,1.1060520905343143,3.483132896753125,0.26786852836412856,0.3306932266568553,-1.9955979067520766,-0.05931745743415434,-1.6286982054626191,-0.8556922001737279,-0.3336755049936321,1.4123699827081377,1.0678273507790454,2.8451452945193285,-1.4089717942111193,0.21839964541077247,-1.2092487544616037,-1.2656921605270561,-0.2690993186764677,1.2607942247495187,0.5682900711168049,0
1.2098344135554593,-2.905527100799814,-2.2031698412970315,3.3628743172736586,-1.6892409229827003,-1.978032876324798,-0.4500269996818462,-4.015364795294539,-1.1640049100033534,-0.26872848158569274,-4.9961581162856215,1.2058844033798268,1.4592682755527215,-1.209054581715721,1.2456183122182143,-0.869368250231262,0.6760710570823796,0.46639774924761235,0.2038173856061874,-0.9371578419038407,2
-1.881577246895079,0.8357584281145611,0.05903563044611909,-0.40950683269597915,-0.987702687655587,1.955698343767688,0.19470770415523353,0.7206503751259279,-0.945468708176232,-3.0973589532892802,0.7791378071184296,0.2518646473136058,-1.5086308867205973,1.5585748944040714,0.7880854407681365,-4.019121156763875,0.13751402599862217,-0.4793337774953818,-0.6696854936020669,1.1412321841459314,0
1.6124360028939775,-1.0280325838891446,-0.9794850277498894,-0.18163648201812277,0.001467371442110529,-2.1950644084215623,-3.3925028025926496,0.32476118726142233,-1.221428498419076,2.2463454197426924,0.2555743482379565,2.0830167658949836,1.2689240059822442,-0.14718243866531094,0.5360092255913662,-1.9377901561814954,-0.9542763161938328,0.768440731326766,-2.47312510418716,-2.4692582882016207,0
3.303556283334928,-1.961804338419402,0.2444957826624442,-0.5121661683165848,-1.5262789938349905,-2.6003345799567192,-0.32713050457305015,-1.1686387101919617,0.9705474511521981,0.3267064403789819,1.4382526576926833,-0.7544695006456867,-1.7187727125492525,-0.39492133584250005,0.026507179375304425,-0.7637026591789572,-1.1889598082472463,0.44480299801957507,0.39737545583635603,-1.8609221946916747,0
4.786653737087308,-2.5765678375462953,-0.30673024766308765,0.0924211798020586,1.3831571691334672,-5.576226384143228,-0.12720564030322523,-4.58156438747753,-1.207604507566461,-3.6330239531556883,-1.6061708855165584,0.7850130438204186,-1.8992187714671134,3.049765767935353,-0.684281536425708,0.8621113790337348,4.138689860980331,0.35049977179139785,3.8799222558134803,4.398533333407686,2
-3.2715651264869687,1.4601940484445743,1.4610258555537214,-0.7342606336762179,-0.3795600749291589,1.0755098255353501,4.280190494290936,0.16746187860512318,0.9998235210624266,-0.9630332916838191,-0.14964888128235415,-2.460929341089911,2.1554259365013566,-0.4325725344246901,0.4513680314454664,-0.7670713513188714,2.8700805391741055,-0.3060454650644175,1.2850316340306336,3.202772028276678,0
3.1949068086188523,0.7311834583073193,-0.5438324624549224,-1.4688698811285446,-0.095408181766648,1.260433429975835,-2.388789392529418,1.0633633256142276,1.2372216428843834,-2.0697541422756967,1.829412971919285,0.09476051996852874,-2.3498644721367645,-2.907280478931934,1.6314404017982647,0.5098759829067596,-0.7888573637069705,-0.1791091508538055,0.8967290224305918,-0.9054723449176553,0
8.228771878358353,-3.8436098977174806,-1.7608094562780225,-1.0615409877822986,0.5574705280918698,-8.473787123932917,-3.943738410177319,-5.9638938537829524,-0.011758058393880907,-2.6368293819690987,-0.4157885824890122,2.8075494846946616,-0.42414520571225584,-0.1319567124785918,-1.6053830270598055,-0.9507909185327753,2.395579786954178,1.2932370523496068,0.8606699917845277,0.07942252566587196,1
2.691327334914873,-2.27621568319075,2.0801493368854374,-0.503066881474775,1.0000374458259134,-4.357099758329299,-0.21189312792586923,-1.8321875554114757,-0.6667847639617395,-1.3065898672940235,1.9080737781477346,-0.9647218461247851,0.07697431058152039,-2.0991838914732215,-1.0142150087968282,0.5177279086900803,-0.17743346018562844,-0.2427288682128304,1.469129800953361,-0.8181448281976309,0
-3.366183974088168,1.2427821781323496,1.9205649689956128,0.20703441826778213,-0.18974350395406103,-0.3150571276803064,1.0041386568807396,-0.543455647313519,0.4803511621244526,0.5868783239626416,0.47765197405049603,0.31628603765645835,3.3629987491505697,-0.6067784238149301,0.581145557008673,-0.808101645525708,-0.5124442054084242,0.0004720347890848933,-0.7182911310973517,0.28039056184054345,0
-4.35537247710908,-3.5522385555429405,-0.658884326467953,0.20894247740602817,0.09251260427375439,2.904735208455542,3.6704970981081075,-0.35979104250383626,0.1470085865535555,1.6286760779291556,0.8277135847838456,2.596106016763046,-7.193242691997049,1.3434916223672158,0.18394640250141972,-0.3639158241690212,-6.97625830991392,1.3202429672526672,-4.507390735701536,-9.75202449910602,2
-0.1276706712663732,-4.377319993573359,0.7004633473920738,1.7156710627550922,-0.7681413934931884,-1.5930123351324779,1.7644614416563136,0.6680423460072293,0.11837588533238683,3.9865258571763107,-0.7419158009788709,-0.5994908292866261,-2.4039740160762277,-0.2681823002824362,-1.1920782645758172,0.7651239739437059,-2.6125447522314853,1.5931210565100329,-0.25213656774293824,-5.02027943468365,2
1.3805478375830031,1.8966392481736236,0.45385294112409136,0.3610353979657569,-1.9889690677458423,-0.9249971075024837,-1.1877550134599058,-1.0653118255093843,0.5633730417648825,-1.7630161904733188,-0.07405755984708708,-0.26722890663968424,0.7982135585399301,3.2715249637321313,-2.2677245681350446,0.03042368004247671,1.8384888142857139,1.9470448084720287,2.2095408242796015,5.194698994337114,2
3.8067798086715126,-5.042323322675206,2.261758377171038,0.8810803012151543,-0.3797158202146883,-4.650359524576827,-2.3822677429581995,-0.41055425008746105,0.7116217341841727,-2.882736036677187,2.7062607195920902,-0.2542238149850631,-4.92575118555992,0.9532423350559756,0.5239518739379996,-0.8118796688667311,-2.5082935008919613,0.8184053998494355,1.2771045565483203,-2.482429043657718,0
5.540776348076299,0.6900901379769381,-0.7676959442689977,1.2018863825067159,-0.13028624928391652,-2.844606761891612,-3.1992376537986176,-1.9718759387280378,-0.8043501578320993,2.5211576505507685,0.19481289538023275,-2.4166659668392176,3.907743149371351,-1.2131246584027962,1.3108827266886962,0.7702665284831038,-1.130507965145409,1.5154796656876108,0.36481959365899785,0.6110368791723454,0
4.55495596210017,-1.1537862363047602,2.934067816736085,-3.1993710548136,0.723022903730172,-4.174438640843503,1.3618415171437623,-0.5934117591834688,0.9999443433110298,-0.15228994655321304,4.482454792310151,-1.5409457122749417,-3.639504698730289,0.09002978654071808,0.42256716467424005,-1.211361133949532,0.17752883442521594,0.7540542848457129,3.731993570622015,0.4039708460898802,0
4.027170839279308,3.5037175452761398,0.33333285760297793,-2.3302933530278724,0.9444771321985024,-0.569112612519974,-1.0520084866041826,-0.2337037662322224,0.5755087277566842,1.3634068632233658,3.646015376810359,-2.933223057442576,2.033892405855079,-0.2517744646231348,-0.43971156043633197,0.4121092051372377,-0.6280283000041288,0.14627904381135326,0.4995921874547331,1.9870515112662286,2
-5.383793750607022,0.031291318297707926,-2.1967217432873474,1.6381178016717761,-0.5647023539979451,5.769892968215801,4.435177155423482,-1.3515219614053344,1.4332745706268781,1.452057258714484,-4.6109191118627715,4.08785018110858,-4.665261564346281,1.1705502751156842,-0.28712985622987125,-0.8465079577702125,-2.1624611508597598,0.13694178346810365,-0.14373688355461833,-3.33159106236636,2
3.4338249682565545,-0.9398375995720987,-0.8140906264451544,-0.34434890148041686,-0.07949794586859955,-4.174818030127336,-1.6302237709990621,-3.022233278221226,1.0250632960511181,-0.574134153134481,-0.8195249752322691,1.3141203044237142,1.1825338791738904,0.9582991961020444,0.691184158377242,-1.0548634298235902,2.143906621140818,-1.491739307541365,0.7418069318349194,1.7247885938184475,1
1.27385801612137,-2.0229426539745794,-2.064143584093198,1.4585075748310685,-1.569472453051818,-1.0534096577657086,-1.3695865390319995,-1.9469023157738157,1.4297352661900702,-2.0513492941776814,-3.1030087298708438,1.5108092191698965,0.07381058135534155,-0.9174191854608569,0.6892068696490764,-0.9349240814388441,1.6144595515174696,1.0254067251419892,-0.07933801910406357,-0.08374667500889338,1
1.5504419353903636,1.2426171413128282,-0.3384969614463793,-1.121839539610871,-0.3558188353382118,3.440232431161019,2.6469965254170553,1.6304266291984235,-0.3103964849550655,-0.6925898350834963,1.4207109066802153,-2.400296910664225,-6.410718176033765,3.8623925723479937,-1.6223984967559022,0.8754948832617212,-0.2977361402768396,0.23321456024834725,2.825879019200253,2.113692823733261,2
-2.207807865727592,1.1544732884048101,2.1383853225012883,1.6032628234552257,1.4986923173282682,1.1360220703691737,1.3801130233916508,-1.0256882628112465,0.9520877708182744,1.261704705371748,-0.464799182878952,0.6164986957789622,0.21498212013304657,-0.7623466862671253,-0.7955126936948659,-1.469240580740372,-2.553895633072739,-1.322796752239192,2.1057377534356596,-0.4005001937107846,2
0.1225220954476984,0.5074295532075852,1.4290377414125155,0.5428333340237105,-1.0300758824810878,-2.0005654485302746,-1.3547148088578584,-1.367687294552578,0.45064293672396416,0.16800283045072661,0.895829642966858,-0.3476083024994896,3.8413789625586587,-2.172327742279405,0.4546889519536365,1.2760988288178194,-1.0783946274782434,0.6948161429230939,-0.48495355514646843,-0.2950748874801785,2
-0.6676369538960698,-0.33448806503526574,2.513991182417737,-0.9887050107833464,-1.6099032013436871,-3.057308894288455,0.6159459325183241,-1.5142044535759167,-0.6721816361734879,-0.6043944158923735,1.7296337309179963,0.7127941005979253,1.3989042943888692,-0.7004387669108412,-1.3496500299658434,1.2650142340716974,0.10993865494884902,0.5912147846166919,0.5987027884302338,0.13382818202179828,1
2.541675192467877,-1.336457462776755,-2.575720627980036,0.7973061545249827,1.1085315772530144,0.5544836867002628,0.6544720052286572,-1.2473914108688176,-1.266907462058216,2.1019031080289654,-2.1887792111868865,0.15855918388708323,-2.64049452357962,0.6259617982208894,3.3845388598946484,1.007209102997765,-0.7371850645126604,-0.03672313763077546,0.36151882208828456,-1.8327977439870267,2
-2.902877418868046,-0.6206170965837123,0.9919511677609927,4.153064034863895,-0.1438642738914198,-3.1477617802865274,-1.2780027999826744,-1.6157601653915077,1.9098748679089967,2.492426832745994,-4.847262529485672,1.651850827967245,7.251122588540115,0.3369372219545339,1.1780256831922882,1.6593293931145676,2.230435959909972,0.8748468271196571,0.566683373458442,2.729485337808225,1
4.5393744648604555,-0.9724877831449831,1.4631779603786574,-1.168470951094448,-0.48544136910409974,-4.580916273951064,-3.770538733049836,-0.6470591783149016,0.7614897389393612,0.6869956685478817,3.078088022287275,0.5682551747892552,0.7575169630934068,-1.8519085165594495,-0.2947110388441811,-1.1094755448397438,-1.4981929860924859,-1.218818333217656,0.2957471581678336,-1.6027428284890748,0
3.7425539128748944,-2.5745701558044556,0.30659647766899345,-1.6132461621299465,0.3532230675468552,-3.149829278641504,0.7473769936840311,-2.016811712478495,0.31259223015353127,-0.35654969666584935,2.3494798374783796,-0.7257999186736914,-3.0063415077006974,-0.7966424465280346,-0.755416300249058,0.36951311631642436,-1.386974021530969,-0.8954583137194013,0.23844247704389354,-2.900818946976765,2
-1.5368297599545848,-2.8485364910584536,1.1623749007590873,2.5281554664579113,-1.9517764835951803,-4.800112737702549,-4.959667903979296,0.24851172820567868,-0.29685489373197,-1.1466817530222224,-0.32201030273374487,1.3765104843063196,5.500384492020821,0.3383335782095358,-0.7909538805384142,1.8522909540708852,0.14563870814564972,-1.522954471956448,-3.835239987869101,-0.5869631658534405,0
4.710788046452603,-0.5939917009620361,1.9514565310803706,-1.1047209083116694,-1.197597137779373,-4.106051756301482,-1.6414322858571668,-0.8969013153159773,-0.40208842674785106,-0.1951000892392315,5.141550704778617,-3.3177219063505206,-0.48632892906918423,1.9836380491825194,0.8292150433882666,-1.5792529774324973,-2.59155076400347,1.6179611429548872,-0.21947830111789535,-0.08679686824661162,2
-0.10081309193939099,2.0185606321599474,-0.6635975596609947,-0.44294870008923815,0.5913475819086403,2.3917472176705843,-0.08388193090966367,0.11561234127626724,0.599211171146366,0.18321389706308694,0.5594274787300331,-0.2107259675806491,-0.022228979045691488,-0.7805018198606006,1.0110630878929017,-0.1892662309368083,-1.3762950246555077,-0.08289999071715835,-0.5104908877719226,-0.4418780051618972,1
2.27307176835531,-1.3145944867782702,-0.09582343888652922,-0.6508372078724696,0.666089741826487,-2.6209806080495786,-1.9060059545089554,1.95024402348341,-0.4560742727116305,2.037702687203761,0.26716615365002644,0.02921027032999557,0.49475737743613507,0.7379829468100283,-0.08575294762046702,-0.03288569920279419,1.9142461820311125,1.9115950120043594,0.1397589894058473,0.541297258518583,1
0.8114946173265547,-2.224466635940113,0.4461329239862112,1.7719599231920167,0.02682953092481496,-4.276226468347402,-0.6883435062034062,-2.97063988952941,0.5107665885939133,1.8641351584265897,-0.8711871263428906,0.0415905150755021,3.3514664535258887,-0.3356162540815305,-1.61029815551116,-0.011409078855165644,-1.1193211834320171,0.29197320006678507,-1.281993981916311,-1.7262085541616763,2
1.2836609447113014,0.8473815158149437,-1.8501159444471695,-1.8763282042147316,0.07589463184009229,4.453322614230052,2.743620250977472,-0.29918583811303223,1.4021818738013903,-1.7268932750531052,3.384841585894415,-1.6868075845162538,-8.696215924282752,5.074899802885694,-0.2099739613735248,0.3214630873029826,-4.4522346798196315,-0.9234649965579527,-1.4424022568621757,-2.2297268418448626,0
-1.4681617747861448,0.040830153020377624,-1.7565811049438542,3.6833989816819575,0.8374572023585122,1.4025649193133558,-3.2042472085998424,0.6916884220713604,1.4268361417556514,-1.014519800628364,-4.159425458048028,1.3761138722869861,2.2167107723845363,1.638615952318979,0.4814434623118279,0.1667819386556424,1.2218995850796786,0.3352599949493718,-0.6341810444321414,2.3425379524846113,0
7.046222808865709,0.4026371801270932,1.3745539192839402,-2.433981750467536,-0.08933492345641343,-6.071254701588244,-3.09958105742701,-0.16193845444210714,-0.5358567265693976,2.1781503808214726,4.345870776545705,-3.136631684127352,3.1740725085240626,-0.18320798507655567,-0.07072004890021245,-0.3243220409101956,0.9687588205067996,-0.358197991287776,0.8639695852105562,1.9704341131219718,2
-2.5921765542779482,0.7904601961567934,1.3049252645288043,1.6035723933727741,0.8023674328958811,1.046136396015126,-2.575021605252539,1.4438367037068638,-0.3545906325029812,-1.03095228639544,-0.5885568344770408,2.9595791592524066,-0.23195284241511258,1.5505964610735905,0.09154564404472815,1.6301257460098268,-0.8827961965547493,0.7452522288182044,0.5033547775328698,1.0639915520021033,0
-0.3341628200108507,0.5617573960914577,1.4815136407926408,0.04535458385788055,0.09256355362227849,-0.5731363803270497,-2.3067800406806658,2.463679326892634,1.393858472969349,-1.7273317928002991,2.1496243981675938,-1.8592808595678731,2.1804387788808923,0.30472267097930583,-1.5843834266666759,0.4343624898395662,0.5173882383740984,-1.7480674719137859,-0.8834721146252336,1.9120111617913647,2
3.3966621201021026,2.755221803455688,-4.592065142365493,-0.6258718771306033,0.4489761444216759,4.279608777298731,-2.8012808638165687,1.2038067612759422,0.38746679276342133,-1.881691738165121,-0.6767441413815234,-1.5679559154279512,-0.3237862610156982,-0.32400170644091386,-0.37413268149103635,-0.9717680577398935,0.9757892681162739,0.3887483035904761,-1.597586345846869,1.6288719141275896,2
-0.9789577836979768,2.6168363758704407,-0.4323373052113194,-0.4435743364071908,-1.267057102065067,2.8326862481413526,2.689074380520011,-0.5754224714960908,0.18261578366539605,-0.19743498442034402,-1.3180215688469936,-1.5419142605589404,1.7600463675930813,-2.8423273045270308,0.2874796750148208,-0.20608537303860355,1.6684368696934773,0.1598460497127946,1.8080763361314998,1.9691494899699844,0
-0.18233874599392713,2.9100381235188464,1.3307322988149501,1.7922510773265081,1.0182382110986368,-1.7255916613206332,-1.3001756445768293,-2.6739762869653276,-1.5791816761710757,-0.5718728268222333,-1.2026114717431926,-0.8908015189732348,6.751095089826966,-0.3647008115810978,-0.7079529306359027,0.6236970675579746,1.5130852887705375,-0.17245076202828996,1.6349023548786008,5.035025294204378,2
-0.30558845212919833,0.06398360891557808,-0.31431265104839134,1.8128672378318265,-0.49406428586035417,0.8532472879095145,-0.5565111973965615,-0.3822916161054026,-0.005622584426260658,-0.9938745445235446,-1.790937770033536,0.05933248499363508,0.18963761645497065,0.22816789065556342,-0.2826252795480116,0.10567472528083996,0.18272379047622989,-0.2073438265359958,0.9838408915414816,1.2246742133367523,2
7.317471784455448,-0.0009872025654683592,1.978054831287543,0.006446945469314125,-1.2261473645198493,-6.106187096166391,-1.385550135532133,-3.527319901957842,1.9793844714143014,3.1387781930502126,3.196881817610548,-3.5842593375161504,2.003979732646349,0.7282125989034074,0.48905750054155556,0.4476719908369938,-2.290633018586886,-0.5031963884173696,2.545861473299645,0.9645362487868718,2
-1.0442459321285886,0.27616980664340396,-2.399544921439001,0.5290439641014116,-1.0532733006201687,7.5808569983640535,3.9628447165376626,0.3636749486802765,0.40607158196005083,-1.9094534112087516,-2.252133518893999,0.4960759560530949,-8.929361028614574,-0.04481692072613408,0.14435828822543298,-1.6174897792415734,-2.1230843534717034,-0.9398672200214812,2.488050489004824,-2.090222339304048,2
1.9647239573962465,-2.1253484814829515,-0.5333019873112843,1.166615374705395,0.9037327842984106,-1.9338339351071625,-0.8023187122110376,-0.7698471649382483,1.7481804580692595,-0.885385414139966,0.3707743612780438,-2.0168599902777062,-0.40028694418608135,1.9543851341587217,0.43641023868737466,1.3965915625222476,-0.6376488452045939,1.003801889635533,-1.2009974010442526,-0.2798189247659682,1
0.2002386575132349,-0.0864681039744597,0.010887715233430628,1.4165069095405718,-0.2680557684270527,1.3159075864491452,1.5818020748894077,-1.6902282216631452,-1.5489796616692089,0.2107119485531309,-1.074201211333561,-0.2083290723926653,-2.224114379859241,0.19566089384530627,0.010678863235011495,1.2192579890966468,-1.992505255936005,0.4226115733141265,1.8023337276122926,-0.7083290270500068,2
-0.22525381503586664,0.7366728955125996,-0.8023730045862288,0.8497588114067114,-0.7806882771074571,2.3974831019739202,1.767121371093434,-0.5605705250987397,-2.217314784660689,0.71458608984756,-2.258604230451542,0.7776569941633964,-2.6118362147647414,0.9687507802626291,0.906138918091378,1.244102516156723,0.06871650859128975,0.8343402211571068,2.556786838115808,0.9000341972386294,2
3.443093933800419,-3.390495623950961,-1.5574914941127922,0.27621297003202205,0.803280035971742,-2.2285515568764844,-2.308306352013823,-2.1991583280011295,-0.3749196720505749,-4.08340417231814,1.0418705422392718,-0.7406057980370511,-1.4234512221337636,-1.918890189738685,-0.8478509736907655,-0.4126901596808784,-1.5739205793431617,1.1827590192195223,-2.588940002958483,-3.3868301685686504,1
-10.460493282762835,0.6333052899909307,0.5055588097859822,5.737315328469677,1.3047743340434088,4.169356485191733,2.9590195189947726,-2.442415070460387,-1.5296924370016545,-0.8971036281063418,-7.866142326816512,5.456293949952712,1.8922473536599045,1.798771478773583,0.04694216544975854,0.9373459780957001,0.023313604414275102,-1.1727683201250934,0.9749607578157242,1.5157568816328286,2
3.912691179934315,1.7192071767562807,-2.7577863047169484,-0.5723385804897354,1.6343692945319386,5.9589652299920415,1.183304497194749,1.1209434325722483,-2.053829440163577,-2.4871970807729316,1.6227696411886188,-3.2712128479272296,-9.108254776341633,4.652821601520164,-1.1057054754195994,0.8890021156230895,-2.5249017804882943,0.8450430673104926,1.7037052260326528,1.1289253090336289,2
0.68470893755856,1.2289531908692046,-1.1294811020173547,-2.2089689584523704,0.4167143492589161,2.954166537629572,-1.4920510014306148,2.6656607872891356,-1.6020830094994443,-1.5445341065579978,0.7049238563170493,1.7575134549506317,-2.6453392877912707,-2.634347088767411,1.0111190714443534,-0.06408287656884287,0.8532255999734932,2.334246897312939,0.41037986508784385,-0.6706862858417387,0
-0.9003852471022076,-4.5243421158096115,3.2506432439553494,2.3023007060311826,1.0689160184253121,-7.107606267798719,-2.340271342801813,-1.933419454509436,0.7121866576270373,-3.3971569935286148,1.3173815837417286,-1.1948769184080112,5.002972679508816,-0.9351687426048859,0.32252626325596756,-1.6692905299444687,-0.12196230896027871,-1.2073794021077044,-2.414786532086034,-0.7494112530943473,0
0.4914933721140243,0.6868146425493631,-0.1719076221311714,-0.7832304819277542,-0.16023078346551933,2.4888636397567327,1.3625474187243625,0.7890611230632312,0.844853590025043,-1.79783819997485,0.7179845893219641,-1.4658833899159596,-2.603587543498673,-1.1092500899556232,1.184061614408482,1.7014237404403703,-0.028850916181586528,-2.2601188298694206,1.3738475343034835,0.2844367186081371,1
4.920197889103771,-1.6829375587247193,-2.829300189632626,0.1372417514623544,-1.51763740478641,0.7082638294466466,-0.3143649047633642,0.2113208573628923,-1.7551658799899803,-0.910610139263067,0.002604552268398058,-2.4828963054741813,-5.226577375822193,3.0659569376961624,0.7601208090554414,-1.2988288180988146,-0.22257459667684654,-2.244860266589254,0.4030576844214788,0.0546934445398917,2
3.950369186624019,-0.05286333132672638,-0.5825264172880729,-0.38340272697413214,1.90186461325099,-2.483505062925412,-1.7818107740285287,-1.4075645935457337,-0.03410720098954449,0.8801401271262557,0.5099900230645795,-1.3399076863699482,2.645106331505337,-2.610596510597625,-0.4749346222212478,-0.10837103661884025,0.2550433865385053,-0.6522665031033145,0.06951333069375992,-0.2318214973590219,0
-7.868164544139934,4.566399829483421,4.384673690128018,-2.462569276393039,-1.2650189283134636,4.065683973331077,3.321767621264023,2.1679747840469132,0.049643763567519095,-1.7807272866175177,4.036133139509965,-0.9922348423716478,4.225540054163979,-5.425625343859805,1.8359124002008285,-0.14147620346559694,-1.4090192942154895,-1.6785011885482375,-1.2413429315022018,-0.48624755670561093,1
-5.679175148320897,2.747831576706815,-0.5322981392489232,3.4183241116797736,0.1579626977529609,3.8617757632778797,1.910142506623002,-1.2331321630333467,0.7441577788946403,1.692885468314898,-6.0803062577210945,2.790577616278569,3.3340238675591634,0.10810851395245052,1.8169458252058674,-0.5321418699618199,1.2349570252712279,0.3230416237873795,1.8403948263032635,2.774062259828597,2
2.0407186088344513,-1.5114200432510727,0.9529560856440058,-0.2672113007286182,-0.9067927155209334,-1.4160610930745363,0.0864541453139388,1.2750310701842962,-0.9488789445761757,4.553434227196997,1.191233667770057,-0.1701400356212689,-2.05513800755474,-0.2630781854421862,-1.6947505248528592,0.26294077876109573,-2.2819192867605356,1.810534841351558,0.9409228125498637,-3.112718640037102,2
5.18872677660958,-0.963073609559288,2.717988340777089,-0.8252225857493427,-0.6982222323384965,-6.907561925066801,-3.2567829261957493,0.46586963637553913,-0.6470258002986568,0.5309594500412156,3.7339883734102575,-2.5955090429802556,2.0114993070075986,3.236261515826896,0.8638277286885493,0.34295626745530594,1.5964165349867108,1.6991455815232015,1.624627237546187,3.8532551497881826,1
-3.7545494683659193,-0.7064094360208744,0.7880850746273862,0.7100666214259481,-0.28720617978326923,1.6052885561436883,2.6485605405815336,-0.33389561375694815,0.8474157131500993,-2.2467427178237043,0.16226812937790805,0.486391884085975,-3.4528472121018385,4.209401124180328,-0.9109180635470367,-1.8680628413076206,-1.2035846705848634,0.9935510273126569,-0.5962424939550668,0.10901899815987758,0
6.230984920237236,-2.660645901105637,4.126045731116592,0.770143946125257,-1.344319297606588,-9.784837420836517,-4.62483149465363,-1.5099915196737872,-1.1986001519629408,2.8632683481007457,4.4973176908233015,-2.75674606776231,4.514668727271248,-0.029457016243474576,-0.4180326946851387,-0.2532212766165934,-2.386910797024728,-0.8724171526193806,0.5437262637008378,-0.47844418873154665,1
0.11778257873810669,1.502469112124877,-3.40388965783508,-0.12263093760617805,-1.670178192416227,2.737374244039803,-0.11198386299876767,-1.7705869921563506,0.9909961797249501,-2.524994331176664,-4.918052045920993,3.5497873763086423,-0.20704098999370465,-2.4577852605632007,-0.5792779729461933,-0.4174489690553193,4.156181282452169,-0.7577050013726065,2.019011928361471,2.394627686958719,1
-1.3521590868656803,-2.7259766385616917,-1.0367077971380316,0.23544842418389889,-0.8968816214343724,1.1072323496921714,-0.3767629163057201,3.0642793493671263,0.06548485945721162,1.3506523247715003,-1.9316032133386936,2.966157987698066,-3.792779825341872,0.1828295664195868,0.2343596907289823,-0.07072889952100804,0.5756210044036449,0.5343765628400474,-0.33745624109814876,-2.7864426476040123,1
0.9634902572436158,-0.6411381826400444,-0.44498015532558566,0.10808177836188881,0.6053785558135216,-0.682680153474539,-0.7647319658909294,-0.28935992144890266,-1.4661391332916416,-1.0754394614017233,-0.39421607956708826,-0.3060682965985475,0.7409011404601283,-1.430412934172072,0.0327476475294002,0.5302923590659434,0.8633852067671373,-1.5476155133595542,-0.06661499679426397,0.05515642611215676,0
4.60913457904442,-1.5205473519061683,-3.2019674104996243,-0.9595217639408804,-1.1422402519844435,-1.026156987752286,1.0903141691393423,-1.59611550889506,-0.8145025922824178,-0.372238748446184,-1.2751964581959716,-2.315876930131461,-1.1804591481921896,-0.33462846873999863,0.9249578945057592,0.3816370677020346,2.6555557307005833,-0.914047320840518,0.23483742452321088,0.456846551689482,0
1.9571653247104275,4.341750212066458,0.6780410974141339,-1.0927791334708286,1.9616294732981792,-0.10270285857219322,-2.0914099645019864,-1.515798409652844,0.2000006658316611,2.64006746150651,0.6658590064286534,1.660913129022509,3.796366310380141,-3.2872387182555403,1.0209796051476259,-0.45452240701841684,-0.8725014695629572,-0.5915158696705674,1.9670467798284463,1.0912088280260723,0
0.5666717138496513,0.21947453492347052,-0.07297543108376525,-0.4453392804679033,0.11020687923412409,-0.9821125966792511,-1.8886904105164386,-1.4011471249816294,-0.21865885725176532,-3.1287243908120606,0.4554262106085003,0.6026970827939329,2.3516652943496603,-3.3144298989094843,-0.27288330275962774,-1.6235870856348387,0.542255617327746,-0.8394178106597179,-0.8852807625626692,-0.1323082562652352,1
2.3322075416015293,-1.0507753234968042,2.2844439399251737,-2.3075363770672572,-0.10620869171899912,-2.3833944832359526,1.957971204694402,-1.4225406562095873,-0.16869103498212665,-2.3167226254941125,4.3957849669490665,-1.68135440063006,-4.211567936879287,1.629749785359843,-0.6706762364050985,0.22060692295888165,-1.351113416459064,-1.2447227969187662,1.5390927623011192,-0.23869762917017082,0
-0.9953768072798329,0.7219427391325606,-1.02456525822373,-0.4380942484522222,1.5210149413423977,4.016853842217477,2.151534542950391,0.29479796953692905,-2.165618993847802,-0.8036361947908433,-1.0127330138025887,1.1886268779060583,-4.497877020973922,-0.38090348522994233,0.41334628868820267,-0.4993712043191545,-0.6918964209032862,-0.32782896911400583,1.510376134120249,-0.9385739006791173,2
0.04492148176589354,-2.067557949018748,3.210494819253631,-1.4461583640876232,0.5072855076006385,-5.885717267532884,-0.9839268245987463,0.28106858469700857,0.7527086936061849,-0.8022733936915358,2.6415346094552943,0.3989872543729708,2.1369493149392653,0.5407295855465084,1.6526854646819444,2.1831148564321228,2.0686951065187262,-0.7549418661797522,-0.050305649703401456,1.0584440231265773,1
-3.8417204537304164,2.2953719655077647,-1.6140844917649433,2.0854673066080056,-0.5148238963607281,9.384227650616177,3.031224655789846,2.0186054544324534,-0.8755621004332629,-0.7704425185502002,-2.4750880867274,-0.09449761473973195,-5.926790024968051,0.8809664395959752,-0.926410464593819,-0.7702169147313244,-3.06333744821257,-0.21021194189649736,1.4951357915438401,-0.8087328317962512,2
-3.776661521271505,-2.3028218545517047,-1.6047839234258896,1.4569500698093327,-1.1671842538476618,5.968804049740364,3.344097370857053,0.7236000326097591,-0.28437585908066076,-4.894235668674322,-4.260218880191594,3.563927892292679,-9.398157568438057,0.44123706767734666,-1.603116255930204,0.09260800122649453,0.5432774817052266,-1.2851214985646229,2.8225322520212783,-1.2696008160944394,2
4.247786841072481,-2.386501632830674,0.39041874154569306,1.0132216195517563,0.0565155544836897,-7.090879948077384,-4.763358346241192,-1.4018082700128698,1.33005659821205,0.07913285527251868,1.0665714712559589,-1.6835886585043522,5.680561263159243,0.07001288258068494,0.7575291392086144,-0.5577784798460769,1.0602686478437866,0.9862333952756012,-2.0860093134189626,0.8591404668302388,0
1.510247925999816,0.9396423994910632,-0.7428527950361328,0.16546857021182898,0.05507563831471178,-0.11035359113569448,-0.11342745927938674,-1.420880627693287,-1.1470701456912535,-2.9145460253833795,-0.13610207097726643,-1.879318414904471,0.7144958748980081,1.3480529103785686,0.9053230960752856,-1.571395594482974,1.7002016552307757,-0.12406067793629047,0.6402661124582817,3.4396691860058475,2
2.8478332622595715,-0.7208200306703703,-0.37101136810186097,-1.4135038472397585,0.2785636893603813,-0.7586643604204341,0.6581380736895572,-1.6507927506032964,0.5448068412694406,-3.273603010050184,2.2946292126411083,-2.0112743014360293,-2.554163054409125,0.15249814957440055,1.146672268128483,0.10001187412138075,-0.4592735907369036,0.9314788266529853,-0.05011137500162932,-0.20695710227949296,0
0.35495178105338604,0.10066435545018104,-2.3625636464364104,-0.0412205823271361,1.3560463466314419,2.687218208344934,-0.886671458100649,-1.6044407911073866,-0.4726843884369919,-4.975309977311104,-1.9510028168366689,1.4252084214262688,-0.5486267446221781,-5.458262922371409,-0.11003342425971001,1.0526493886477606,0.7649533682131544,-1.6352658859898686,-0.21077664313908817,-1.2913966237851282,1
6.001849872629,0.22959013023400687,1.225682232133001,1.0713765511112356,-0.03823850767809254,-4.993838238783416,-4.145404528354452,-0.667160481909514,-0.30448081739030786,1.6103826563084973,2.908676329039815,-4.9177976478447345,5.127122026277325,0.303911572927253,-0.3125523090219542,0.9244908185733717,-1.1117743554052537,1.2796484346719947,-0.10997158143002206,2.0525821007618537,2
-3.244679510749144,3.6652866861706674,-0.6918248077790522,1.923253734426413,1.100661847549999,5.496010879125028,2.0929190864691076,-0.5990261783220437,0.3225604959975529,-0.4939965246566151,-2.8734379437932973,0.5057918380678987,-0.7713681802012277,1.9541539355029762,1.1421830785395795,-2.136898129362142,-0.4183357836287835,2.1673603787432,2.1749302742635455,3.1395703398050823,2
1.6231683626656037,1.0509047349415446,1.8787468715911293,-0.8394853776566609,1.9049998404102473,0.7995689390901303,-0.5519004040598835,1.5929965607136118,-0.18664793774158903,1.19740399299384,3.4660381560095015,-1.21351204814738,-2.5446189850467253,-0.16015232841114185,0.7965943027229403,-0.5582369335841517,-3.3893392909585014,0.9408692382732966,1.3095344519806065,-1.308477018664146,2
0.435964086071809,-1.8690178092013265,-0.7206340062224235,-1.8203802202618393,-1.925536384706547,0.509695466989322,-2.3105766141487694,4.922660879167524,1.4634613465533428,-0.4919322185472099,0.9841036038179459,2.481955149184806,-5.068028327300165,2.312460917040873,0.6148309676776891,-2.5385693394314695,1.6101287285553938,-0.6761490520517169,-0.5896324800063488,-0.7502199580843175,1
-0.3193516865464418,1.2767663724581761,-0.3788805926808698,0.026226008524012023,0.7125794466100616,3.325569193062708,0.5390797076432245,-0.19555635108412078,-1.1970856815502995,-2.126969276269076,2.760948418482041,-1.1613695816939829,-4.892901697101233,4.638742593229782,-0.18177923278010719,-0.17771586627014554,-4.464567533996465,-0.4214622973621976,-1.5789519832425318,-0.8359396151744136,0
-2.125964054034662,1.1704572999548817,1.5217886698551426,0.768746574523397,-2.0078985737640673,-3.5153839479197915,-0.6025220528270239,-2.706413137460018,0.2317967095246296,0.6019940393606147,-2.6694531925105083,2.9382224202294935,6.707245198370155,-1.3453847151930227,-0.20648597646606412,-0.09495636950312068,3.4892782865607863,-0.46857970955031664,1.4368402888816436,3.494005583095851,1
-6.148958202281149,2.9081840385627995,1.5661374227260123,-0.5425287620508537,-2.122133412674471,3.683651281335186,3.932333794505878,1.2729258041217884,1.2485911362493523,-0.6260466156699914,0.056239329620438074,-0.8702762511298455,1.9919701514695003,-0.1582172487727792,-0.6016691771074415,-0.8168960881781395,1.0048188866379566,0.06899756116248447,-0.15787089584611985,2.0244068097032186,1
3.237666478435516,-1.7168591847214771,-1.2722514656865098,-0.793680747665414,-2.2041733854125183,-2.3184041541127436,1.2835521229127036,-1.5424973451181003,-0.596758318019291,3.2545461345255586,-0.6119853318678172,-0.4772761716942905,-0.7136822189794733,-0.43209751947383634,-0.6717136568774156,-1.662199495723507,0.3513141321598904,0.5788091097845559,0.3747674854034963,-1.8341211570722937,2
-3.449370260578681,-2.01006859810962,-1.0569352187795444,3.2132473880705215,0.7676277622673545,-0.40337555235975314,0.6385472684333224,-2.6920046644942692,-1.1263703961449854,-0.2767636138612767,-3.756844715015544,1.3646325198329827,2.7829145206583012,-0.21388212919057792,1.4765300374527022,0.7405222889724334,-0.6374357765135152,0.7213716777887588,-2.582247091523569,-1.8549865110218522,0
10.54987528367863,0.14516426745903976,-3.7626909772454002,-4.950377410716792,0.04098432823524924,2.082479842989757,0.5963203787663138,2.0689185858518813,-0.15995088456830253,-0.5448604482306704,3.7155612960586812,-4.648923136036573,-9.203773322412033,-0.08398936771701992,-0.6498537937817882,-0.6398126391918693,0.9329659509809136,0.6650059156350103,2.7896158769164408,-0.1717621244555322,0
4.099669302512556,0.39192749417154227,3.4843139635917946,1.5608288403698314,0.07085890482031604,-6.343648162518583,-4.299069181250942,-3.4751290490520623,-0.09211683792364998,-0.07104011489228118,2.7678098874740775,-1.7867146935195672,6.25486823935942,-2.3741731183566004,1.291885901864576,0.09900162758932099,-2.4114978684076194,2.8832112963376884,1.2087984473809783,1.1408115569655446,0
-3.872943388523483,-1.192650309450073,2.72566924323126,4.754452290474124,-2.444332480542263,-3.5595697390499614,-4.369919241549672,-1.958667239820094,-1.2546344849838706,-3.1066100111363437,-2.521967360320353,1.5825093074475283,9.112248058868628,-4.178864328991287,-0.2254039937388813,1.1937736582635834,0.06842083035337299,0.07424958225086495,-1.3141878593606735,0.8287149978182796,2
1.1025825591388208,0.023993678949123298,2.6223000907712914,-2.2445576765737107,0.008194834196739996,-5.298980491657526,-0.0675835523854989,-1.3558039461743825,1.8030378628943522,-0.3601639106461022,3.9392560512311596,-0.733213772652094,1.8289934573824749,3.3312724954422133,-0.6155158499936345,-0.7929475029860962,0.9650808932233574,-0.28943619064809273,-0.4423110400089877,2.3207534766289806,1
-0.7834133370992095,0.8649313401194092,4.215700188490597,0.45156097690673036,-1.2409090655098076,-6.893618688332499,-2.8322127224334435,-2.382536689192878,-0.3029282658056264,2.1314587980169386,3.1919386857395944,-0.0942056428176859,8.85756414571447,0.20816769368781163,0.6305442086834521,-0.4003377182727271,-1.543880364574973,-0.5902197379293576,-2.116226875080053,0.8929669621529381,0
6.3823215596148115,0.3478291068623684,0.2686834238589918,1.1493616612656614,0.48982495484649824,-5.112186949723559,-1.9551623685853818,-2.982313779436815,-0.5541359462103228,-0.30065089871052153,-1.566305649868566,-1.9307136212463272,2.6122748555151003,2.0961199852638415,-0.09660848485687193,0.0757886878538678,4.209128338535144,-0.1817093920268032,5.256954464827523,7.13042282282957,2
-0.9396619665539356,-1.325046646625401,-1.428649614875165,1.5806922158374987,-0.03757959144892407,0.23494068435891236,-0.9496334710873084,-0.6228873080901238,-0.9623307674450841,-3.097810057559337,-2.9061442723020496,2.850101715387807,-2.863522667894888,4.498884741822578,1.4746311275151218,-0.22980370331577363,2.0019461348235428,-1.9070238860698252,0.5257625343360227,2.463098716465657,2
3.5642300796108555,0.5143047272590286,-0.6824661308170619,-2.085992749349039,-0.45257996994319016,-1.425258791082183,-0.053771375267911314,-0.08394876403252644,-1.4267123057666307,1.6981480427412747,1.0020108254175677,-1.0581175285182232,0.4327682887184551,-1.3272383631929803,0.24443534797901806,0.6207117531051783,1.4373098341058215,-1.2748056152728766,0.8841263216769899,0.40201672804457683,0
2.1970897665904467,-0.2651738108926971,1.573761646741863,-0.4544090558855878,-0.24286282457205172,-3.3476105323909926,-1.0844533825452765,-1.5335465782262074,-1.3363713032768696,0.11317539348170313,2.9292483504301723,-1.5388217212986772,1.5656722574226711,0.29069049977014305,-0.45346265036937033,0.2512094484418934,-1.7402874278759424,1.1470686485209218,-0.6341344884812965,-0.39497297345825194,2
-1.2074587059843747,-1.9946122154341799,2.5517743485382267,0.8402227203469693,1.1977419366271709,-6.164203654657867,-0.6866102507160337,-1.5580786087086298,-1.4863533019065733,1.1352518524405815,-0.8228308257165313,0.2796840214068801,7.3691429384449565,-2.9905482843042526,-1.8766951084609356,0.3518594294465751,2.6217867101873167,0.5158553280253295,-0.3386258124242433,0.618418907072446,2
-4.298867854658154,2.7090204768472543,2.0621108131595256,1.4485979253265984,-0.9766931954727915,-1.7380803476862878,-1.6176045754008277,-0.35144386148841616,0.33383761907736353,1.1470747408724609,-1.2041340123159565,0.9110548431219532,9.32911264179936,-0.7364053925913805,-0.8377138748720581,-0.34146687286163924,1.9410586487626287,0.3144746111207469,-1.1790656731550646,3.5718977382176305,1
4.4022594442236755,2.595898902544745,-2.9652634271293126,-2.684497892190764,0.4983144204532381,0.5753547426690955,-1.822411019682586,-1.4054939807738687,0.13363319318873396,-2.2359914808132353,1.5795442388986292,-0.7085004128823166,-0.22398058069457513,0.7540468020999054,-0.9431462779775022,0.6978071357336549,1.273233976946362,-0.580741118283471,-1.099027818223218,2.0810588960776344,1
2.7354706636095867,3.1594036696143277,1.9034558851093064,-2.289043135431922,1.8652935992889785,-1.8586557835606958,-3.1049298633324365,1.165514066301955,-0.598063323648828,0.8466984505453179,2.479430586018631,0.7903515843350981,2.6463079092277857,-1.6840301475822774,-0.749934913778252,1.253774017998093,1.599941015111244,-1.3315816613576672,2.6159921472768617,3.2238246385190488,0
1.1424395686182194,0.7212257641483275,2.1536237961474938,-0.7433984494315247,0.22087622608652624,-1.0510672598411523,0.2904996584684907,-0.032371199670650386,-0.6139488594002418,-1.0282828126064476,2.568729285187322,-1.726015119029394,-0.476554916374917,0.4113362720918369,-0.025441815478882114,0.7067084702023088,-0.4818437715973792,0.6901337767224391,1.8054290733049987,1.5582414596126593,2
-5.25071990460614,2.4129841592392203,-4.140500255608681,1.8085156693134672,-2.172729523202664,8.340800450002028,3.288669816635657,-1.3123288826829154,1.986410576273252,2.3344612546057206,-4.844246558089933,1.9881665744591144,0.25075431793523145,-3.667597486433251,-1.640093755709837,1.3290720969940957,-3.296038028214987,0.3692995140377083,-3.06210938969951,-4.93818795250673,1
0.5696563617641428,-1.7011145240561,1.9786971361793533,-2.457894750707564,-0.38518762770383064,-2.6694821315921478,1.5005339933217035,0.1329714913454294,1.3533549225882027,0.39143269300007616,2.0434995513784346,2.0866964828832106,-4.023696026877423,1.3478867542959923,1.3587077988441585,-1.2930104157562536,0.5496491032750551,-2.5570382983204483,1.9278632318162705,-0.8137297323669045,1
-0.2046982760473283,1.2789191283227972,-2.3783226691247297,-0.15218818885636665,0.18494676932607876,4.9875131115377975,1.1708963631273437,-0.5164725919253024,-2.0742808203295895,-2.884783334729853,-1.076795212376977,0.05413314056515872,-3.308134162739047,-1.7635641030828046,0.6000653263523615,0.5945169111701049,-0.9337264334321647,-0.06108352877975474,0.10278245613648263,-0.9859688609000593,2
-1.261871377589779,-1.4856117607611077,-1.100936406332934,4.553142243544761,0.6247953894695016,2.025987174202632,0.37512022044384064,1.1518206988899375,-0.8873013670361983,0.7385949249595565,-4.455861668486399,-1.9710948036457403,0.23647573675339717,1.5172839701345007,0.07702802084587244,1.1356412676748064,0.529655037453457,0.6973507446380671,1.107101017450161,1.454167660012012,1
0.18633621462670433,0.13080152374299325,0.7382954256486969,-0.1197320487664148,-1.7756722535017242,-2.221939356180908,-1.1890676517472905,-1.266819437895422,1.4099046552689198,-0.35944978206840034,-0.49553194831566605,1.3710503081250272,2.9775065363835425,-2.1331909958572046,0.5301512631836031,0.6480780112135068,1.3468272311072993,1.0245044244477175,0.5512600586610207,0.7453476862410947,0
3.086963195536691,-0.7742363764967759,-0.17984394833084827,0.6950726015997906,-0.4681725156008433,-4.433362370742758,-1.7485835959186624,-2.5146753654673852,0.8820748152894805,0.25256952032944013,0.13977845028436198,-2.905503062523231,6.363909442790448,-2.636689846988467,-1.1097208282932345,1.0246398248307156,1.0600156644163676,-0.2365961040368478,-1.4029244138534593,0.6085378618639262,0
-2.5138984752739995,-0.7539261569188414,2.1923076739332745,1.278737396230387,-0.6483411841439948,-1.397225118312323,-0.16019320378371749,0.8802707929251676,0.6721675822523486,-2.509616305719852,-0.01906500216089644,-1.3160703447057576,2.9136879933292468,-0.12345694668776447,0.22806686765319084,-0.17513175563934363,1.8530963587124476,-0.28507574290574894,0.200032326856943,2.464720705176942,2
-0.37895516618486724,-0.8441645280528471,-1.394832764940132,0.0339413447614888,2.052488928796899,3.4062942530201434,1.0876167959143865,0.9358916391035312,1.2228247056561032,-1.1813661988093376,-0.5711101536106894,0.6196569941188688,-5.032639824396964,-0.19750514616612913,0.23027231325506942,0.6174070918679953,-1.4713603371372086,-0.3497708355813571,0.06839863262388435,-2.4028779198980534,2
-1.2348927772260163,-1.0962958331702188,0.3751064991864579,-1.5177306694292474,-1.12319714033978,-1.7048645890979899,1.4240014971567778,2.198545901300653,-1.4834659521057496,1.3541613882898258,-0.626569075484378,1.0599363430787339,-0.7013540432519596,3.126673917982421,0.020123902995707287,0.803060488658778,4.307511843367545,-1.4803803873256582,0.7478505483783999,2.421930401832089,1
-0.46210024797182964,0.35826241659352465,-2.0959053491486737,-1.249551220631449,-1.7299056974267932,3.8973556899332107,-2.4473036908801236,4.121340861551403,-0.4411251991961077,-0.10184728454937941,0.3912331111860685,2.0017020046395317,-2.837030884758338,-1.4709074076509239,1.89532390895217,0.21452856949725146,-0.7816542561518385,-0.22668642870116967,-2.284515628107762,-2.898467502229829,1
4.372574961976442,1.1674929266683385,-3.011606308872788,-1.6553304442008447,0.6190988310119041,2.880357928719255,-0.019101560929214334,1.7510220312002862,-0.8990231137247616,1.6616053208417032,0.6733826139095203,-1.4763986426308566,-5.0125650574186755,2.514170927086881,0.8423977011074516,0.879738674219885,-0.23715152337933393,0.47867436758652276,0.7471066435716784,0.25592540851554874,2
1.1135142142368921,-2.0706619271516242,2.5812415404691076,-0.03214183663024628,0.5371272087373036,-4.5516827324442035,-2.4949353439747224,1.8585053397013436,0.6282594678874105,5.538616657554017,1.8974391366281815,0.552440463770288,3.1650222486793553,-2.9575756994764624,0.8945914825692303,-1.0473358943365787,-1.978967942187839,-0.19060853575922052,-0.8111272051546632,-3.9621033524310323,2
2.9441031250210625,-3.9335847164820277,0.3179625477868593,-0.18409265464560642,-0.22787312899556308,-1.9372216982845645,0.2605485547232296,0.5364887966347283,-1.4297306562360077,-1.2332825513622265,1.163020560454733,-0.8125320137487474,-5.520342086571784,1.1149720670048298,-0.49958264031183874,0.2819551981854992,-0.5817462827501889,-0.1873083616080402,1.234349530124323,-1.918005467664047,0
-4.293708330882299,-0.27540121544879137,0.40797725823086456,2.6328040134597996,0.16455789062864684,3.070361758810549,0.71340951563476,1.0490706459293029,0.41450272056286624,-3.07708013916902,-2.5782293024297998,0.45371095408548856,-0.5041209744283486,0.139289993369202,1.5514377658892888,0.22474211958217438,0.5206065528579359,0.26448040107313564,0.6498937615239322,1.298225212414976,0
3.1861114132356647,-0.24982864341104583,1.4000586927016614,-0.8692396916529357,0.5034341078469109,-4.995252651046861,-3.1288559527792184,-0.18167579517113863,-1.867717998159681,-0.08519125515238024,3.1744227444465505,-1.8019561562962645,3.4348504460636673,1.4123910520153231,0.32787360631045837,-1.4574574645085605,0.6187387231390296,-3.7574353212591856,-1.1189446597217578,1.8388652453594276,1
1.9869306637054023,-1.102403846895835,0.3034860667238679,0.9991999003835119,-0.09450654226908063,-3.8864773074807046,0.28430960619134105,-4.573194144929264,0.4552082481016471,-1.5292760491573583,0.5587034800236731,-2.064347864224482,2.51915483325446,1.0407909235214463,1.3730423293848015,0.32176355946390134,-0.6906292382476119,-1.0862916569979282,-0.8383746178896134,0.6496471173223762,0
-2.7022966604367964,3.62155406975923,0.6034085933867928,0.5857066042546447,-0.020797830532211254,3.133891391749145,0.8364263970947805,-0.905057213090632,0.30908361745445717,1.9646410189776802,-1.6773869361617013,2.941849879865703,0.7015699662010385,-0.7440974236831028,1.1249871063801637,0.4143620841787884,-1.3282544841016577,0.2737597054639536,2.141079672096546,0.7727386141435025,0
-0.1669034933340808,1.645719477314357,-2.3834691361814757,-0.15849716831723948,-0.9273072539306402,4.201445446335295,0.26796948115004526,0.948826244566815,-0.9011549513389546,-1.5816268825511597,-2.4456410967670585,1.7091346051593672,-3.483517381625678,1.2955814788080349,-0.9753336776902222,-0.670290580449449,1.867660155867732,0.1275682330539122,1.7847069488353666,2.2156664449766406,2
-3.7982077423376546,1.792156032431334,-0.9692672430700697,0.7724056138603799,-0.1317048459346119,5.736392488482171,-0.959264535927169,3.3213862221323964,0.5852508255422673,-2.578598398920542,-1.7865031804304412,1.6525052120115424,-1.0237626138103977,-1.6096841104727142,-0.5303319007472351,0.10543390613686206,0.5521088597834076,-0.33716055142808665,-0.24390259177200257,0.5352364423428003,2
-0.5153501097243771,0.6095194204080974,2.0393899709386263,1.2827281945988642,-0.1889605036664311,-1.3877172206602169,-0.7413947691786965,0.7974833592674129,0.2616184345462014,0.8937087845568558,0.9146890634695213,-1.8245867660624437,2.4831092300289486,1.9882150727088423,-0.052010780817045285,1.269187258851191,-0.2490905540280739,-0.7184232396848437,0.5498255298565138,2.3498398030289693,1
2.503382103812063,-2.2311065887831023,-0.838881247198979,1.1079346829814847,-2.2166655160135096,0.21427617556083123,0.6201170111940941,-0.08499698640624265,-0.022162684630854367,3.1150717763997378,-0.19789561413113624,-0.659785388108381,-4.27083472931362,0.9671778906232051,1.3684080185586749,-0.13018518848216945,-3.4274628165302676,1.0155948097511047,0.4477481445439496,-3.780954251705293,2
-1.7447118743684193,4.2622113016740135,-0.5912673066758987,0.007327453047584032,1.3232269477749123,3.7388779298404247,0.2978560455823942,0.6094315706881559,0.20608698450500018,-0.3654346585402983,-1.9800646432781241,1.3348703916040672,0.6719799352552529,1.3371407823177521,-0.7004041846681616,0.7352414442896228,2.2164550040391706,-0.6148279504490117,2.4700658275612803,4.78772687372196,2
-1.9094763186758523,1.2772591511663527,3.959931447411497,-1.171245258092933,-1.9340439217476193,-2.6806753729405473,-0.1499437482311589,1.073108489211873,-0.09298240734595055,0.9752667577151537,2.82116902168409,-0.7294746562265452,4.805154310626661,-2.0515061936511847,-0.8017604510188983,0.6002250417454383,0.5876701721116071,-0.06760412435084459,0.395969610562498,1.257113402587786,2
2.1218199379803524,1.4579835879482714,-1.409165704827897,0.0457037843267038,-1.4020184956478765,1.3615489624778867,0.1873582370976295,-0.06102093351475507,-0.4114224696560482,-0.9831170544891625,-3.3137749206159084,1.083876920352751,-1.8298971192837639,0.7890449630324072,-1.2214704771233247,-0.19360239600739912,4.430610423049661,-1.2762176831011511,5.024978329783617,5.154858536327213,2
4.0997781644761515,-2.1899325620113315,-1.6657887061027963,1.0692387157299292,1.1822403898584486,-0.1275499887856023,-0.9791756244133103,0.32137609657061783,0.02737247869320873,3.440240196049633,-1.1550639745376556,0.4358005808651362,-4.466702883210651,0.821868787729017,-1.3066080266531346,0.9837917519532065,-2.2243448801448444,0.31097634501422283,1.3490159748330839,-2.9669908152602105,2
-0.9911062660680668,-0.48878045526544167,1.7923230758837454,0.5490676091459995,0.7273525822688602,1.5228635560757884,1.8390649739027887,2.8918378720208047,1.024655190284435,0.21382006031288392,2.8255806421844536,-4.759537810462715,-1.7196257018605958,1.8134151144613133,-0.10293725847909896,-2.059725226878529,-2.2620245516469284,-1.1429640539185577,-0.47065715785850726,-0.42169966439021145,1
2.9901298725708885,0.3586032500036046,-0.11518137540988416,-2.793504939313308,-0.6518236786645775,0.6680937419923079,3.2028755508758717,-0.43839232059798483,0.6704054890594515,-1.2975428157070343,3.755776511388067,-4.052772065750351,-4.203918731529337,1.4381168739203276,-1.1639678613911928,0.6187727395848064,-0.7925737309026433,0.9167248643158379,0.5784407549198444,0.037067195395946946,2
-2.284129140502227,-1.1283404123631968,2.914408556317212,1.204438917791978,-0.6146877925374229,-2.925748342815667,-1.2663786459967956,1.431273934395765,0.7500617971067234,0.05751300107409085,0.6063616061963086,-0.6547786107807876,4.375728797302433,-0.926683649776173,3.77748997612812,0.6057587975500438,0.8665906654683628,0.14942137069267467,-0.5011355024995285,0.8526252718075524,2
1.1808423892847701,-2.1410122956321573,-0.32058086396877195,0.6174757818582743,0.2516506656796395,-3.266508790253623,-0.21443622015219194,-1.4615549336675073,0.7686154376669616,1.022646962276414,-1.6080168403000819,0.3114898579079001,1.9837339056759489,-0.9231915416760883,0.3059200710474129,1.1111924114542773,1.6239142502505628,-0.1832411107353288,0.01004693922370925,-0.33578105164359795,1
-0.1917041596529712,-1.3651744961371188,-2.5275331476343696,2.3773181343766945,-1.398826660161565,3.4220550666262413,1.1799575187240732,0.7766179988509605,-1.2986433949888831,-1.0837862900746256,-2.787527194658366,-2.03141815878801,-2.781264224940576,1.2294045084792682,1.7040464798219166,-0.25097144402999827,-0.15131325994243805,0.18341945902120274,-0.2598926073585375,-0.2736958178201655,1
-1.5294956627211889,2.063960682796398,-1.392852551441761,1.3855126843738845,2.259283720273219,2.3365699373471567,-1.5933014855069656,1.0343824983051757,-0.08599431564531333,-1.0047523850589863,-3.6596023710144774,1.3697619208477434,2.8365972121686465,-0.7972863813398274,-1.0531385098995758,0.8148253797881114,3.380097750367116,0.0792769154367707,1.1263397363892875,3.8028961860857198,1
-2.441358104237829,-0.1141908195709131,3.0966183417437767,0.9637236561315412,-0.059899524314263444,-0.7259034146333351,0.13769393006895547,-0.41023078636870147,-2.379814282430362,-1.983762436634024,0.2376700432286677,1.8672635154695225,-0.6976280561506512,0.30363579799419227,1.5528293201988428,-1.6227140503458457,-0.4795186245756702,-1.6133394017494636,2.4645851196793824,1.2014046828919325,0
2.9269667587162163,0.8877658432309377,-2.60190646854855,-1.6608919733651026,0.7698209031577865,-0.9741374765039575,0.8693021055628978,-0.9585780834477637,2.209387125902919,2.5064098014781084,-0.8255555888882781,-2.8451406939825117,4.695666578927892,-3.3438282772650068,0.8026307013236168,0.3054462438603733,2.9363685872705227,1.4952144978685697,-1.3571577479045538,0.3696225695822311,0
2.6898149189958507,-0.3133920706732227,0.778283884214463,-1.4510287420442023,-0.01951543940406494,-0.3572734274642188,0.6511453051174345,0.8801729484994161,-0.8902193420638422,3.1822434438662794,2.6992820151943944,-1.04623842973607,-3.0809142604669644,-0.20696802306914563,-1.0715789405176976,-2.054754692432885,-2.786566844277862,-0.22337033778687312,0.8714412147407553,-2.779699316346624,2
-3.0995001597929774,0.7669291381067381,-0.9262847535492034,0.056647324107498565,0.6242691543408252,6.698755182284748,1.9816844034369216,3.1818423709565735,0.5318540204738004,-2.703752851541108,1.0913453560240394,-2.744539175709793,-3.2066234338267607,-1.7055092056736292,2.688014290491059,1.14488162369814,-2.434840714423091,0.6392699474777953,-2.082347412202362,-2.4706921033465212,1
1.3757888516717198,0.7622613974122816,2.257262407837259,0.5566315725186886,-1.740411474056052,-1.2120218848764404,-1.3599011190038999,1.3017020661536853,-0.035295917188680345,0.775327175702608,1.7160586881728828,-1.6475948649644496,0.6089515956575103,1.0079665750222313,1.4580597766491035,-1.468262686962047,-0.5722225197530428,-0.9199078445739007,2.1340048291712734,2.113397718115059,1
3.44236240380974,6.625754394865138,-3.3741993231830034,-2.106425130496376,-0.9939813806107903,9.731163505327254,-1.7070150672549351,5.574587563939164,-0.9324969863289585,-4.166629816323457,0.052900631705841215,-2.3125986924056074,-5.581683301715494,0.96872388532857,-0.9194273607965344,1.4980843617057056,3.4685962770372134,-0.025731755889352552,4.688395517378743,7.43134226790638,2
-4.327115945168405,-0.10721807644169767,-2.541254639025392,0.49771106595027337,-1.149487636578482,6.86293519803096,2.074118891284485,1.1023389132864647,1.4362013949052208,-3.3797268438952406,-2.8394082632645152,3.484070181189086,-6.725726746732923,0.8506073072282617,1.0366064138649516,1.1885010140347059,-0.7714047201673013,-0.30736124134784987,-0.5155243295551821,-2.0226539955215417,2
-1.552142759277757,0.16363641720692967,0.20779676505038114,1.987426343700937,-0.4895366719905653,-0.040758126635061384,-0.8291196443652744,-0.20133861751729626,-0.4536842696609017,-0.550671491552138,-1.8461735596418942,0.27866051240745726,2.2626818464528253,0.658200401353793,-0.7271974485930746,-0.10084481837845984,0.7710410277571006,-0.1501756513949002,0.1269943720623617,1.7827304645605748,0
2.986744907670227,0.7726278813136738,-0.18731026544024876,0.28060446067879746,0.6086563386341333,0.2609883386886387,-1.7464411008988618,0.06330929278122666,-1.5764391935210893,1.7887976575588076,0.48773890811085796,0.13133643677862827,-1.321068320394809,-0.30216275589710784,1.0490007010654008,-0.34448676495407904,-1.971627857977784,0.33010801011515206,1.5156338859253409,-0.6163909848046476,2
-6.904529524831167,5.024906596256044,-1.3679683477362223,1.3401556246526307,1.1247999769778887,3.4730134570904854,1.297557814856961,-1.3930605321896303,0.021410628404289655,-0.1300101589218416,-6.2485691997103325,3.7547582230467755,7.511514744020084,-0.38571067449281543,-0.4048296410783314,-0.19728558300943913,5.406100640167084,1.9699379120649152,0.4146631824964606,6.121700059572555,1
0.7652919853603961,-1.1665395738133153,0.8821501722133287,0.24564742489970676,0.742890329541174,-2.3476068625156263,-1.8953452460453368,1.3374805386203208,1.6577405500269589,1.6437867938255883,0.2871565691417858,0.0962890175647515,1.987012233254731,-1.2018619744121453,-0.21440668474875849,-0.9303115711456651,0.47767991117284014,-0.600381390512336,-0.20576107887689588,-0.5740876981544368,2
-0.20101679379417467,-0.9578671542355942,2.086653454593901,1.9887259606255536,0.7687444546116228,-1.4777828797048584,-0.3837466745158422,-1.2874332501625667,0.5467493539641235,-1.0714896910577638,0.28443422741186475,-0.5992545346884972,0.3794134859073086,-0.13545662038840028,-0.4089991792265975,-0.3362224142095311,-1.8046851097046541,-1.5294277200326896,1.2807264418841022,0.008900528808218268,2
-1.0343515295971233,3.0656966296570056,1.1337608047339283,-3.3819605201364142,0.4947854353300981,0.9087490469197149,-1.2559959716141824,1.7897983456147415,-0.32730403127437974,-1.2766344434777075,4.671003100489725,0.11708387455623248,1.112603717894917,-0.21385260908800763,-0.5606650203606613,0.13344327904398043,-0.8160527562643758,-1.056581435577234,-2.4644747933588023,0.13896641935830084,1
3.5163785469770987,0.6254910961072064,-2.092401840773854,-0.08092447871023523,0.6641168537444525,1.5527361032434133,0.3310089047302758,-0.3162312770302215,1.6407522582727576,-2.2060645495844597,-0.5747239258949288,-1.9332220429685125,-3.907267439607289,3.586647690972776,-0.8452490036570657,0.6102360060046633,1.5970293827990294,-0.09622822848319072,2.1983333793595934,3.5753372155512615,2
-3.5061256846488704,0.8191457703101969,-2.543347348322332,2.038491156404665,-0.1129564652291107,11.098654730375618,3.2171233941418795,2.6598761172959935,-0.32779200392716895,-6.292420281001424,-4.309936754145907,1.3662615389430486,-11.039050112339106,0.9149367582612186,0.8557352519761905,0.7353374532525071,-0.01000425229948848,-0.3947782567536824,4.348325207811487,1.2297753667518323,2
1.5789283262493923,2.9598776069417174,1.6474011677874463,-1.2509325545862118,-1.2844508622826205,0.3023540071046476,-0.5941762804638315,-0.51007789765284,-0.26164355290069913,-0.22040082873211508,3.3425818664466784,-1.4532154791434424,0.5957713358040552,-0.4898173106105702,-2.5820591707634684,0.3713790976173894,-2.0872562115847844,0.2145789262421487,1.0791967188653735,1.0568624826590252,2
-1.6142128338565347,2.7933013426850732,-0.10701570621003498,-1.0946047303450661,-0.6445529318909903,2.6313110781784856,-1.3466792817112099,0.8302093820159913,-0.536553754137027,-3.752791692047809,1.6661951763472014,0.7904813498161944,-0.43059133592850396,1.48622489197952,1.2694507234235926,0.2737919252862003,-0.015898884338205466,-0.3498704033229378,-1.1357295606380917,2.138510638815809,0
3.5333546368542894,-2.3722412116201497,-2.428076914204967,-1.0280484379113937,0.5974295355288878,-1.5485392787101713,-2.227334172062259,1.029973803445646,1.4232919484238338,1.800742305523419,-0.16843190751447498,1.4079286755566307,-2.4633979522524783,0.5843371880213093,-0.019887793852138756,-0.03749077172481981,0.3090645637022629,-1.2893743578898493,-1.5283413166552404,-2.62768304929383,1
-1.5784706966047106,3.0198865879706935,3.357290973061129,-0.7184683398894203,-0.24760714791784602,2.338389784686159,-0.8413035152421615,3.7871810149536635,-1.3403841850963165,-2.6482597902827973,3.247799622329554,-1.2837468202347835,-1.265698892415751,1.4545848347500656,2.545035523403604,0.2721992597537909,0.08951074644833346,1.5082349315811752,2.7745130241225104,4.179476748021547,2
-3.4317844498180317,0.045214418469304296,2.0143985380413376,0.3600095884287575,0.18256299069534276,-1.2069498398342389,1.3031070254447603,-0.3816553376661804,1.1327021732161113,-0.3570665323438368,-0.3333255619127259,0.7888726533168203,2.337280647428788,0.5085904117468163,-0.0694340684793298,-0.467797463976134,1.1791340353910083,-1.257645437799047,0.17867681947406877,1.3986232698670562,1
-1.7595267403131722,-1.443120084348032,3.209368525045594,1.6111095950912397,-0.007815917090578843,-4.519837300639806,-0.5465575902875648,-1.8214558025396772,-1.7850694591464658,1.9589000779969887,-0.4218713135673043,0.9206261841718413,5.753883418362715,-3.670529274957213,0.9123865736422752,-1.1998061740488901,-0.6259436722719601,0.8756049308219175,0.19792801614744532,-1.4445556359199438,2
-3.588368185567242,2.0750087428602644,1.0037699891639513,-0.2906936574297949,0.6729799604696928,1.0436918073206125,1.5113079311371531,0.051038763937034326,-0.588684643504235,-0.49416979091836394,-1.6472139008102802,1.5301300319322322,2.7283070219078254,-1.0461212707446215,-0.10190237177542805,-0.6658509226836544,2.867285506204731,0.6992510888287639,1.4658905265609392,2.9394800583577254,1
-1.5406201740282865,-1.0839895291504085,1.5745366935310992,2.4014594201979316,-0.038826288656095734,-0.875198196295263,-0.9752695384157724,-0.25135305178181455,1.1891600128447566,-0.9038493032253412,-0.4107707272477101,-0.42120113408525117,1.8117996940455947,-0.6999239113984675,-0.11813638993902573,-0.8289266290193714,-1.3714707009497098,-0.09401224410092489,-0.1962001120832092,-0.40550437573971476,2
2.700135846663968,-0.37379172442249886,0.25157059366986645,-0.18437569362024842,0.44451754373295177,-1.9545568529960644,-0.6110053809777346,-0.5811853247996371,-0.8113785008955597,-1.0701535959020227,0.7128386783804214,-2.6322556815562597,2.0205253809677246,-1.944936157106113,0.08835799115607225,-0.2419196587371638,1.3353962597210043,1.9937020681487547,0.7638417059441611,1.2909550442833801,0
-5.361289231117115,3.133167026204533,4.020598092472752,0.4432286757814689,1.275280993218131,0.3756925229192186,-0.5004006155062448,1.235114690084822,-0.29005178328421694,0.03320373295336687,3.0216321720580983,-2.1214965596553914,8.328580098806377,-4.00967786569613,1.1453242656988951,1.027286169739685,-2.1157246815665833,-2.9306252724774917,-2.6481849588906243,-0.006955515599020644,1
1.252844353017861,-1.6135799444854366,3.5501055185964523,0.25438018302656284,0.3466063404724999,-5.2815452410166435,2.622247927167107,-4.000671934790969,-1.2980084860916576,-0.7528516938386642,3.177213935966875,-2.6651734819345867,-0.6236635611534067,4.362804359818565,-2.558876230187336,-0.5611180472569117,-1.817504460617843,-0.5336812998656861,1.4407244315314753,1.349975843669135,0
-6.746413939186523,2.6355854242797703,-1.8981948485241031,1.0050230608693993,0.6992476221520606,7.431738084957825,3.021988047557401,0.7937735171303739,-1.6309532132923052,-3.1163130797915137,-3.020618377431588,0.022347103793646128,1.1638839519438446,-2.2554977968632812,-0.778582645746157,1.5172310250102452,0.6641934159229428,-1.0481502997801369,-2.019094434114355,0.2943943041408468,1
-2.8593296790615406,-1.4714257482219044,-1.0303462259678628,0.2756514814057199,0.9601638968056067,2.1245043845116696,4.765358012603468,-2.903126625547107,1.4573716424645666,-0.41343542677499134,-3.44334936135062,3.903710153410108,-5.519557480080138,0.9232497932383219,0.665567197875302,0.3343026976252587,-0.2068528800272375,1.314740264821312,1.8714498041070675,-2.0534519059321794,2
8.183330232649947,-0.6286623306918759,-5.533908769311668,0.5666420056447581,-0.025719072180556725,1.1641027662541088,-2.953038854915643,1.2381632678635655,1.4282342144746913,1.2188514263175392,-3.200938154301281,-2.121410755766895,-2.8256449441441123,0.8339050972426671,-1.2885917083775924,-1.2102617908469389,2.9781606570981767,-0.6169324702941189,1.8669922359772233,2.08265082483906,0
4.92988178650753,-1.5956172270099136,-1.049757518619843,-1.2590574569672497,-0.596562929584653,-2.571115302126003,-0.6705250195508005,-0.9496172860251935,0.7900432041297202,1.4197547749866528,1.2159664330897062,-1.6671698060175144,-0.3221818430395066,-2.2120747992829304,-0.8378432960225561,-1.8166601035191046,-0.29703017586851,-0.6904777115664219,-0.178019619691277,-2.1938006755478408,0
2.856207970881381,1.2179679708347373,1.4541142049367604,1.9802051110187127,0.48412792003922966,-3.91125550924008,-1.193505475199256,-3.70366075118286,0.9702157422712177,0.29807341984139596,1.5576578708035231,-4.124827302686035,5.1404156664063345,2.5293623810969486,-1.2487746306749965,0.5086505435474191,-1.536976177526352,-1.7593494887836287,0.048589802118944814,3.278427049412235,1
2.2185657061658466,-1.2118891519539052,0.1379234042440084,-0.5675337824797042,0.5490418113477318,-3.5600765801207035,0.025065400117111114,-1.3539418412800508,0.5628109699500876,0.1889573596072519,-0.20062572141161128,-0.7269924296808515,1.8012795670964725,-0.4319049466791895,-0.05508475461707899,-0.6072104429957799,2.4280040038876094,1.1446661572756716,0.7873343327481075,1.3003508932469552,2
0.11940332731240005,-2.8657545632568486,-0.3778206337405512,1.9296599761402913,-0.2266777770960381,-3.637140578761106,-1.5334929057380489,0.6685111090196161,-0.9049514889131439,0.3000260774431227,-3.0366494337033725,0.05350548395471466,3.035168606999818,1.3938157578387598,-0.7556768387288981,0.6612363481148585,4.183360300477454,-1.069559905877322,-0.02426128545196421,2.4580801024625076,1
-0.22676320368732178,-2.2292244835954818,1.4800546314125829,-1.0654481123221786,-0.7440398410318515,-4.215073957054445,-0.48735899512605574,-0.25976338757615614,1.9975000931796743,0.6356011130587882,0.381274348422469,1.6808886185485028,2.2522320584877895,-2.4981745886612927,-0.08697609762672419,-1.5778064052596468,1.7084081738389267,-2.1906029164011374,-0.3893595473423305,-1.3940714697986298,1
-0.5858902153450549,0.3288889241174411,2.9408462179310932,-1.0035870789647123,0.8365348805804116,-2.2028137632448934,-0.44962043514624916,1.322065561559295,-1.5680607594522489,0.001318908784430084,1.1003365581181446,1.0516875083145936,1.0860886605516509,-0.7140618356432149,-1.2172438936271344,-0.9426029620135037,2.058934339218743,-0.1707120012565216,2.651339914677155,2.2617052252592518,0
0.6649058241677985,1.549301170215721,1.6618003509896027,-0.3963683384221899,0.8792965256794323,-0.5704747740229048,-2.2973199854024573,1.6882851849637768,0.72509972869941,1.444428158210204,1.5717303904481126,0.1913505587032629,1.9625241311940647,-1.5022518321260554,1.7053290328976094,0.4645569014871503,-0.5457912135327431,0.8449059226217087,0.9150306665083452,0.5845969512018111,2
4.279740124677113,-1.5304403406447622,2.975348945683784,1.5354512120543289,-0.2616610860424581,-10.452068894166624,-4.474428619030646,-3.7823995027500366,-0.4038989108644139,0.2684214365892843,1.7588704591823558,-1.9356453330635004,8.418363046144611,1.9293152250039427,0.3344707050584852,-0.04104779063976698,1.525378739365948,0.23897841806376185,-0.10716564015537566,4.0316096272718625,2
1.4069991122994705,-0.8502540528042384,-0.601796512455957,0.7673879317441868,0.4531231087104852,-2.266448486509823,-0.5025159037226175,-2.3343651506852447,-0.5739354126827827,-0.6574072816031382,-1.1701337445754156,-0.3648491592042328,2.2077906122170785,-0.5449966245889593,-0.6493180051164164,-0.6458124527580007,1.0734565406300602,0.1167548178384844,-0.12372290827805965,0.7179268250927886,2
6.125756002508336,-3.158037098961951,1.2814121861050776,0.2539433054455209,-0.08310530841660531,-7.975093382399709,-2.591371144281208,-0.7276455786707103,1.259316579895051,2.015724379792929,1.2064981254704705,-1.992475329837771,1.3919218279667869,3.1830595494396343,-0.5896192625604866,1.09667088749613,2.194343958425446,-2.0979046842888645,1.7777359141535305,2.534750080023462,1
2.0390240452073325,-4.51970516451201,-0.24432267853086898,-0.6015697243630943,-1.6593624592297702,0.3015158492259812,3.79155601676809,-0.9713531170510901,0.004370251582966527,-1.1814903640044596,2.0011004746079375,-1.547024663943151,-9.413271934477441,1.4376154048687755,0.8473363253542434,-1.4235351409702315,-3.8842128773335296,0.231107168513459,0.24846094767464477,-5.504413995970534,0
-4.4623656245540095,-1.8112758270369342,-1.8595473240287954,0.5248026783649871,-0.21194892932393988,1.7270021628720822,-0.7802690197478908,2.613130259131361,-0.768426681526005,-0.7741001096159854,-2.8632309486146963,3.132934601578466,0.5491404805443233,-0.626926198234713,2.833892231937442,0.9019934527501375,2.104990989049954,-0.3534490287498693,-3.4991617352465747,-1.8591353541738458,1
4.304167316530234,-0.926728827289689,-3.3485964312081586,-0.7997853727823754,-1.0221012939641378,0.08882064249263519,-1.1386700311783122,0.7962932295253173,1.1213940199703027,-0.3892014956058454,-0.26202369570601464,-1.8467821896600645,-2.2603102464946088,2.222304558896682,1.2495376393526858,0.3094599960034553,1.7692595030957357,1.2664270376268931,-0.940270785197844,0.8404580999485615,2
-1.14972363290002,-2.749105932574338,2.401377822104994,3.133049367102649,-0.0958713062625303,-4.8978225390937595,-2.0694186025317265,-2.760731408944805,0.07667120561471819,-0.5015951011951885,-1.2541414183582689,0.8175576332279213,5.58162380561149,-3.4208821719722695,-1.3969825943443908,-0.5812391970261442,-1.0020619232730814,0.8043685299379365,-0.6438552003337548,-1.609318790694586,2
-0.8413240763521083,1.7076146557555805,0.08657469246294025,2.882239047695808,0.810726667239015,0.49830783432147896,-0.9147570460227461,-1.7042888145201174,1.118498180421683,-0.42391731759718687,-2.6637620407581446,-0.5009143476314539,4.113842405024047,-0.4477231666072511,-0.23714390943617558,1.7534046273129709,0.45369991624207356,0.32862611537610237,1.2614177750166249,3.0183639227890597,0
-3.5987736435240434,0.09793385102476104,-1.4462767369091651,5.525591691223473,-1.2034140699711293,4.116244194889518,-0.1893787938751016,2.7298787686950927,-0.5618846512624851,1.885081516451605,-3.2778272052378186,-4.328843399873156,3.079427797225353,3.163325087116848,0.09306677628155917,1.4441433207128669,-1.7460951749632634,0.6755618979049025,-2.808343433121151,0.9393451824459133,1
-0.8063836182286911,0.05707046611578942,3.111219557621137,1.320084984241229,-0.23844566714956222,-4.777474488873303,-0.29146539282369316,-1.0952210477599311,-1.6794266193847127,2.859193711962233,-1.1411844033492846,0.628526359210219,5.390708346483686,0.5236160873348625,1.0665016591810415,0.840918636530436,2.2407732584693445,-0.251766827070369,2.5892889380242394,3.3896282331978225,1
-1.8697161984780446,1.5213717317056332,-0.22286714434140703,2.84064574934501,1.4787115680334728,3.38131720096172,0.15368456732878616,-0.4870519458891658,1.3020030937586895,-0.4153271294832376,-1.3885060538630865,-1.1577391667721655,0.6396596627331547,0.1969168921642825,0.4239516680632088,0.7202586588327751,-2.6547601303787314,-0.08855005154301071,-0.04916224316704998,0.17765625264100113,2
-2.5673657486252237,4.170679201044482,-1.7244062718513256,1.2926103604239827,1.905552667143732,5.2111709450772885,0.18896950679710067,-2.081241291788076,0.9241815910239345,1.6391007448313488,-0.322383276264099,-1.0663052354354643,4.869723859927115,-4.859140143788668,0.7139129656588621,0.48963126469015217,-5.363363213654698,-0.2335515435763817,-4.009623870652744,-3.8865062614037296,1
-0.6773279012460185,-3.157413385527446,1.4962445927410817,1.2343775457532766,0.6440685429949569,-4.319292444660387,-0.6776151417803198,-2.0370169478035836,1.0790857713471862,2.0613752920221464,1.6321339419789878,0.2134746256414437,1.993704058170253,0.2894296787318855,2.7717896094916394,2.4273733843796843,-4.041404938288283,-1.7349756969458754,-3.737052620578009,-4.923250411135637,2
-2.387896490635209,-0.6483878338343587,0.2955373581697008,1.927750757894705,1.0515810454264938,-2.2704620433536316,-1.3373634140054915,-2.1801496270616063,0.5809622947236015,-1.2204089402820129,-1.4489333310794237,0.6707097451392048,5.58865942474608,-0.9107221312325584,-0.049079204226818746,0.8920478034272733,0.37957136374655065,0.6358209031476184,-2.6430905175769053,0.14166202940868242,1
-1.5347192578853706,0.8863200338027082,-1.5894179154278054,-0.580334177670291,0.9626180540172147,2.607179356709906,1.7356945711349339,-0.5505289519699638,-0.34339547472429444,1.707631541934807,-1.5299464233278444,1.936376901766384,-1.0046499401416957,-1.1468661832033151,-0.21860813248412103,-0.5639294797822884,-0.6847634096951553,0.4715840546290202,-0.6546415582893961,-2.143801863409173,2
-2.2830953754738297,-0.26024749308873263,-1.663795795110012,-0.13540100142250439,0.8402754540097592,3.3188338361771677,-1.6846065955601244,3.45638993048982,0.27908968505734144,0.6122852292931869,-3.0150204848968962,3.9896774195549893,-0.4230549202081758,-4.819893356762695,-0.7306095413814279,-0.775699349550235,1.6074735017167519,-0.08537467997269305,-0.29752924856545027,-2.471761567690309,2
1.6051839654205278,-5.847122688269987,1.4365567848088587,-0.9803009905464681,0.7820946110195612,-6.804707323826938,-2.1072120530539724,3.1506387866315495,-1.4342155973569695,0.015333179930039853,-0.49883691715848477,2.6446954135675944,-2.001797904765223,2.1899655326266516,0.07974966748849803,1.3597184561448057,5.630547247307332,-0.08149386595949229,1.5423605959690017,1.1380676086032155,1
-0.766386121789355,1.4525619353258086,1.2994234685407686,0.18298452875821397,2.168761167921427,-2.7916849202777483,-0.8869718624723182,-1.3886744131028892,2.8536225827404498,1.1737332949731112,-0.5004108786886056,0.6137155089608641,5.728466683611039,-0.4961485390361338,0.2836172055050096,1.283782608325773,1.8692407045368784,2.601770471320802,0.23828346979165194,2.6465236603461313,0
1.3539701978048577,-2.0071120929089767,-0.09964885720781658,1.6817747569274184,0.7961798949762342,-1.7342977726375877,-2.5815466100824316,0.20684735013576394,0.7123352668133672,0.16656712787826533,-0.4025710519545553,0.9877645038554492,-1.341807517457461,2.3508513167520158,0.37702683303032763,-0.7567844187476908,-1.159779278387575,0.4883647602144977,-0.31983468350340183,-0.6427535314569142,0
1.4437874608523293,1.077035314946697,3.0790376005073656,-0.7543256028500378,0.9395289721634184,-2.3293293052905892,0.09918269276294434,-0.603994115182318,0.5982508136813659,0.4638428889075658,3.3830038131155935,-1.4861769990376754,0.06129102179706586,1.5938924572447717,0.40596549918302033,-1.7234044207138595,-1.4448899017843133,-0.500496849844786,2.0172130190809447,1.6375178343031256,1
6.733265544482702,-2.4807470321226237,-2.006044242364506,0.6215144332887349,1.4889450601163348,-2.817045250341667,-2.459131413772507,-2.0452913370293526,1.0213997688818386,1.3684585108509797,-0.21629282416482118,-0.4582559679778274,-2.4016173782272254,-0.09869657888746713,-2.1753814320391736,0.03690533855301417,-1.6531175003166116,-0.3066876363767765,0.6133068601303162,-2.291292108273899,2
8.528809683944417,-1.2366137267239647,-2.4517612083003963,-1.6640510424364705,0.6316352098206687,-3.6982974683663246,-1.3359273466092314,-1.4959596409523472,-0.9628017639684975,1.537085873832206,0.7478767658728779,-3.7504935915725004,1.0434609424959889,-2.526522839007049,1.2515288692138995,2.1597423126681368,1.961957555110611,0.4571755311570313,0.7258374495062023,0.057143968172280034,0
-0.7231670785617427,-0.7348667832106226,2.4270011396708275,2.145383210452853,2.4860202462776724,-2.377815147890879,-2.1368703380762453,-0.8313717434980499,0.5965723448835499,-1.858448539795007,0.04235162061218109,0.8906154542732525,1.3440598225368843,0.9809921173971883,1.220429909588865,-0.46040692149697343,-0.6653623648382752,0.9162691989298705,1.2030188105256925,1.5566023477001623,0
3.2183509401274004,0.44753807508731824,-1.2711391081963312,-1.5038303093630434,0.1928215503619328,-0.613098644283342,-0.28839548301250395,-0.04972005646560762,-0.35138946791479164,3.032129687450068,0.49120616017278557,-0.20846202599236485,-0.3392277722193427,-0.6834508080509668,1.363556544275729,-2.1934751053849944,-0.039056364116485776,-0.956998485340265,0.19150287194830695,-1.0189486203816591,2
4.84581237298649,-1.1410031720492781,-1.4250455281732382,0.1960215242159713,-0.5829002011534333,-1.617330500013907,-3.4662024940316063,0.2752529109707753,-0.7409371136831225,1.6808981438360813,0.32956589713074436,0.558666598593075,-1.9090355689840193,0.8754371166879282,0.7643296141303859,1.1274543671225496,-1.2399797077428913,0.39273094038199013,0.13401004429872543,-1.285629513951181,0
-2.267682407707362,0.4402201725556604,1.1061284488984322,-2.703826904699174,1.0689605809846685,0.15377713706325138,1.2436566096637192,0.0832037673186814,-1.000701436779549,-2.4005709028867823,1.8090126280693526,1.811189341115207,-0.46859381068357253,-2.0692435531975226,0.4151477329298358,-0.8668585821680355,0.9287786144173557,0.22652154024166818,-0.6457484712980337,-0.8229633750806764,1
0.3771305868057876,0.26524504128243787,0.909014252242833,2.093688199790563,-0.2097180768228321,-1.7012337643827478,-1.9808723692934158,0.2007266973992266,1.0484018731416267,0.8410473162929267,-0.49638167637939346,-1.9103049948439201,4.505150828896465,-0.10503355827058602,0.11959795457485885,-0.4118713992431347,0.2874439884275285,-0.553687515924103,-0.02880220841169795,1.9532086654954213,1
-0.47471408309703245,1.9263276526283253,-2.407657268174386,-0.501947233304465,-1.4044482508332632,4.765902852478624,-0.19162528251278843,1.754335590848656,0.5891552112188644,0.38803298404179376,-0.053455232842979754,0.0679606558590079,-2.17398615026428,0.39116031209775387,-1.3061577004789535,0.9099903475945239,-1.5702621359358662,0.12936433827975002,-1.7244969883262664,-1.3023311629977596,2
0.08556102135047258,-1.8863261865134995,-0.7821828582084907,-0.2911045541863585,0.42425058766885315,-0.2281857161125139,-0.1588331230388219,2.3686355271235735,-0.21288241591064475,0.1793981239796652,-1.104283079503124,1.487682054969307,-3.6499797252781425,3.542523018893168,0.1455207430655127,-1.735487535167645,2.363029500738371,3.0873138111123435,0.6966500817494397,1.0268029848182911,1
-3.5428164641315583,2.048582518685078,3.333217381023509,2.275958975729914,-0.4329859088131957,-2.5397800104019557,-1.9634563677936385,-2.221466546979027,0.19286967649813178,-0.9909284129015337,-1.2861636650561883,1.558465710806833,8.6269081626236,-3.214795635047421,-0.7976653690474433,-1.4518736168731694,0.8974132129938321,1.4470703017347137,0.9341566986846039,3.0379665421170206,2
-4.063826637999194,0.5859034929162925,-2.7405479419891017,-0.8395705077076041,-0.09058702138811366,1.5035674480486003,1.5542523378438737,-1.7978373771728662,0.8524084101599746,1.8055609538333786,-2.2889105021672562,2.2808300192000344,4.872196991982862,-4.161185087248632,1.7579066898546003,0.8587331351593346,0.13887557755058072,-0.20447632942450086,-5.435703157946156,-4.2131039750875905,1
-5.292372794070694,1.7502128054132577,-0.3671637303208216,1.10221182030328,-1.144353208345442,4.655486075479577,1.9975069302331292,0.35820161387410854,-0.09761487889845397,-0.9298140072418455,-1.4036140633763248,1.311469957635896,-0.8656449163144166,1.4875191543041222,-0.41581620987865425,0.06953632308696173,-1.4214800517748791,0.9278687654752137,-1.2727843548665048,-0.20163254213357684,1
7.016745706888441,1.3353926689689986,3.771704468323997,-2.642891578655145,0.5066873795191851,-5.707019065455426,-1.7936772478410843,-0.15509023906973318,-0.5385026522226634,2.233057179650241,4.972422218595069,-2.654713986592662,1.0586087661193915,-0.6614486115149381,0.5116663001659018,-0.7290157224810525,0.5443355961508924,1.0214949864074392,5.017746284442707,3.22833311314222,0
-0.8655036242948073,-0.5328264401355406,-0.40673561965582683,-0.5596449262529398,0.5666249492410705,0.9435597398446651,-1.606323230282917,2.6172169374749035,-1.5534421847494064,0.26470960288773593,0.8984137924514545,1.484460175348334,-1.9259674110580767,1.3873966971203529,0.20934633589542873,-1.2707687888295405,-0.765976716291628,0.14933383976980086,-1.8722247078431093,-1.556601537099852,1
-0.2932834463759824,-2.148477130742206,0.1606482284907077,2.459590028024003,-1.4118082207413227,-3.1554949576069986,-3.753204036446628,0.36604519804381164,-0.20975753075451017,-1.2200771070417944,-0.7967184728379502,0.09737944621138017,3.2621876184341403,2.0297206040472364,0.6050978326295844,1.4835632416259588,0.6529517058634989,0.6861419242417663,-2.393064621096745,0.9517057501700729,0
-2.868694676432371,0.5754759617696432,2.840608152882241,1.160927722546252,0.0809152255271209,-2.3122669128017157,-0.7701021077871284,0.1185770992441979,1.2698139338097467,0.2546208871453836,-0.9051310845684,0.8747042875040012,5.555534494520878,-1.8256215585189948,0.394373845392447,-0.16820529063211523,1.9818944374780836,-2.2830103724248696,1.1664910413669585,2.4488950243737215,2
